-- phpMyAdmin SQL Dump
-- version 4.0.10deb1
-- http://www.phpmyadmin.net
--
-- Host: localhost
-- Generation Time: Oct 24, 2017 at 09:50 AM
-- Server version: 5.6.33-0ubuntu0.14.04.1
-- PHP Version: 5.5.9-1ubuntu4.22

SET SQL_MODE = "NO_AUTO_VALUE_ON_ZERO";
SET time_zone = "+00:00";


/*!40101 SET @OLD_CHARACTER_SET_CLIENT=@@CHARACTER_SET_CLIENT */;
/*!40101 SET @OLD_CHARACTER_SET_RESULTS=@@CHARACTER_SET_RESULTS */;
/*!40101 SET @OLD_COLLATION_CONNECTION=@@COLLATION_CONNECTION */;
/*!40101 SET NAMES utf8 */;

--
-- Database: `ci`
--

-- --------------------------------------------------------

--
-- Table structure for table `admin_groups`
--

CREATE TABLE IF NOT EXISTS `admin_groups` (
  `id` mediumint(8) unsigned NOT NULL AUTO_INCREMENT,
  `name` varchar(20) NOT NULL,
  `description` varchar(100) NOT NULL,
  PRIMARY KEY (`id`)
) ENGINE=InnoDB  DEFAULT CHARSET=utf8 AUTO_INCREMENT=3 ;

--
-- Dumping data for table `admin_groups`
--

INSERT INTO `admin_groups` (`id`, `name`, `description`) VALUES
(1, 'webmaster', 'Webmaster Administrator'),
(2, 'admin', 'Administrator');

-- --------------------------------------------------------

--
-- Table structure for table `admin_login_attempts`
--

CREATE TABLE IF NOT EXISTS `admin_login_attempts` (
  `id` int(11) unsigned NOT NULL AUTO_INCREMENT,
  `ip_address` varchar(15) NOT NULL,
  `login` varchar(100) NOT NULL,
  `time` int(11) unsigned DEFAULT NULL,
  PRIMARY KEY (`id`)
) ENGINE=InnoDB DEFAULT CHARSET=utf8 AUTO_INCREMENT=1 ;

-- --------------------------------------------------------

--
-- Table structure for table `admin_users`
--

CREATE TABLE IF NOT EXISTS `admin_users` (
  `id` int(11) unsigned NOT NULL AUTO_INCREMENT,
  `ip_address` varchar(15) NOT NULL,
  `username` varchar(100) DEFAULT NULL,
  `password` varchar(255) NOT NULL,
  `salt` varchar(255) DEFAULT NULL,
  `email` varchar(100) DEFAULT NULL,
  `activation_code` varchar(40) DEFAULT NULL,
  `forgotten_password_code` varchar(40) DEFAULT NULL,
  `forgotten_password_time` int(11) unsigned DEFAULT NULL,
  `remember_code` varchar(40) DEFAULT NULL,
  `created_on` int(11) unsigned NOT NULL,
  `last_login` int(11) unsigned DEFAULT NULL,
  `active` tinyint(1) unsigned DEFAULT NULL,
  `first_name` varchar(50) DEFAULT NULL,
  `last_name` varchar(50) DEFAULT NULL,
  PRIMARY KEY (`id`)
) ENGINE=InnoDB  DEFAULT CHARSET=utf8 AUTO_INCREMENT=3 ;

--
-- Dumping data for table `admin_users`
--

INSERT INTO `admin_users` (`id`, `ip_address`, `username`, `password`, `salt`, `email`, `activation_code`, `forgotten_password_code`, `forgotten_password_time`, `remember_code`, `created_on`, `last_login`, `active`, `first_name`, `last_name`) VALUES
(1, '127.0.0.1', 'webmaster', '$2y$08$/X5gzWjesYi78GqeAv5tA.dVGBVP7C1e1PzqnYCVe5s1qhlDIPPES', NULL, NULL, NULL, NULL, NULL, 'V.QwzR4e7nEDlaqhR7n07O', 1451900190, 1501668299, 1, 'Webmaster', 'Administrator'),
(2, '127.0.0.1', 'admin', '$2y$08$7Bkco6JXtC3Hu6g9ngLZDuHsFLvT7cyAxiz1FzxlX5vwccvRT7nKW', NULL, NULL, NULL, NULL, NULL, NULL, 1451900228, 1497402603, 1, 'Admin', NULL);

-- --------------------------------------------------------

--
-- Table structure for table `admin_users_groups`
--

CREATE TABLE IF NOT EXISTS `admin_users_groups` (
  `id` int(11) unsigned NOT NULL AUTO_INCREMENT,
  `user_id` int(11) unsigned NOT NULL,
  `group_id` mediumint(8) unsigned NOT NULL,
  PRIMARY KEY (`id`)
) ENGINE=InnoDB  DEFAULT CHARSET=utf8 AUTO_INCREMENT=3 ;

--
-- Dumping data for table `admin_users_groups`
--

INSERT INTO `admin_users_groups` (`id`, `user_id`, `group_id`) VALUES
(1, 1, 1),
(2, 2, 2);

-- --------------------------------------------------------

--
-- Table structure for table `alamat`
--

CREATE TABLE IF NOT EXISTS `alamat` (
  `ID_Alamat` int(11) NOT NULL AUTO_INCREMENT,
  `Alamat` text NOT NULL,
  `RT` varchar(5) DEFAULT NULL,
  `RW` varchar(5) DEFAULT NULL,
  `Kelurahan` varchar(50) DEFAULT NULL,
  `Kecamatan` varchar(50) DEFAULT NULL,
  `Kota` varchar(50) DEFAULT NULL,
  `Kode_Pos` varchar(10) DEFAULT NULL,
  `No_Telp` varchar(13) DEFAULT NULL,
  `Fax` varchar(15) DEFAULT NULL,
  `No_Hp` varchar(13) DEFAULT NULL,
  `Email` varchar(255) DEFAULT NULL,
  PRIMARY KEY (`ID_Alamat`)
) ENGINE=InnoDB  DEFAULT CHARSET=latin1 AUTO_INCREMENT=2 ;

--
-- Dumping data for table `alamat`
--

INSERT INTO `alamat` (`ID_Alamat`, `Alamat`, `RT`, `RW`, `Kelurahan`, `Kecamatan`, `Kota`, `Kode_Pos`, `No_Telp`, `Fax`, `No_Hp`, `Email`) VALUES
(1, 'Jl.Cemara 2', '02', '01', 'Pamulang Barat', 'PAmulang', 'Tangerang Selatan', '15417', '', '', '081319026682', 'panjieko.pey@gmail.com');

-- --------------------------------------------------------

--
-- Table structure for table `api_access`
--

CREATE TABLE IF NOT EXISTS `api_access` (
  `id` int(11) unsigned NOT NULL AUTO_INCREMENT,
  `key` varchar(40) NOT NULL DEFAULT '',
  `controller` varchar(50) NOT NULL DEFAULT '',
  `date_created` datetime DEFAULT NULL,
  `date_modified` timestamp NOT NULL DEFAULT CURRENT_TIMESTAMP ON UPDATE CURRENT_TIMESTAMP,
  PRIMARY KEY (`id`)
) ENGINE=InnoDB DEFAULT CHARSET=utf8 AUTO_INCREMENT=1 ;

-- --------------------------------------------------------

--
-- Table structure for table `api_keys`
--

CREATE TABLE IF NOT EXISTS `api_keys` (
  `id` int(11) NOT NULL AUTO_INCREMENT,
  `user_id` int(11) NOT NULL,
  `key` varchar(40) NOT NULL,
  `level` int(2) NOT NULL,
  `ignore_limits` tinyint(1) NOT NULL DEFAULT '0',
  `is_private_key` tinyint(1) NOT NULL DEFAULT '0',
  `ip_addresses` text,
  `date_created` int(11) NOT NULL,
  PRIMARY KEY (`id`)
) ENGINE=InnoDB  DEFAULT CHARSET=utf8 AUTO_INCREMENT=2 ;

--
-- Dumping data for table `api_keys`
--

INSERT INTO `api_keys` (`id`, `user_id`, `key`, `level`, `ignore_limits`, `is_private_key`, `ip_addresses`, `date_created`) VALUES
(1, 0, 'anonymous', 1, 1, 0, NULL, 1463388382);

-- --------------------------------------------------------

--
-- Table structure for table `api_limits`
--

CREATE TABLE IF NOT EXISTS `api_limits` (
  `id` int(11) NOT NULL AUTO_INCREMENT,
  `uri` varchar(255) NOT NULL,
  `count` int(10) NOT NULL,
  `hour_started` int(11) NOT NULL,
  `api_key` varchar(40) NOT NULL,
  PRIMARY KEY (`id`)
) ENGINE=InnoDB DEFAULT CHARSET=utf8 AUTO_INCREMENT=1 ;

-- --------------------------------------------------------

--
-- Table structure for table `api_logs`
--

CREATE TABLE IF NOT EXISTS `api_logs` (
  `id` int(11) NOT NULL AUTO_INCREMENT,
  `uri` varchar(255) NOT NULL,
  `method` varchar(6) NOT NULL,
  `params` text,
  `api_key` varchar(40) NOT NULL,
  `ip_address` varchar(45) NOT NULL,
  `time` int(11) NOT NULL,
  `rtime` float DEFAULT NULL,
  `authorized` varchar(1) NOT NULL,
  `response_code` smallint(3) DEFAULT '0',
  PRIMARY KEY (`id`)
) ENGINE=InnoDB DEFAULT CHARSET=utf8 AUTO_INCREMENT=1 ;

-- --------------------------------------------------------

--
-- Table structure for table `bukutamu`
--

CREATE TABLE IF NOT EXISTS `bukutamu` (
  `id` int(11) NOT NULL AUTO_INCREMENT,
  `name` varchar(50) NOT NULL,
  `email` varchar(50) NOT NULL,
  `comments` text NOT NULL,
  PRIMARY KEY (`id`)
) ENGINE=InnoDB  DEFAULT CHARSET=latin1 AUTO_INCREMENT=3 ;

--
-- Dumping data for table `bukutamu`
--

INSERT INTO `bukutamu` (`id`, `name`, `email`, `comments`) VALUES
(1, 'gsddgsg', 'asgdag@safsfsa.com', 'sfafaf'),
(2, 'gasgasg', 'sga@ddg.com', 'gsdgsdgsgsd');

-- --------------------------------------------------------

--
-- Table structure for table `config`
--

CREATE TABLE IF NOT EXISTS `config` (
  `id` int(11) NOT NULL,
  `jamMasuk` time DEFAULT NULL,
  `jamKeluar` time DEFAULT NULL,
  `waktuMulaiLembur` time NOT NULL,
  `dendaAlfa` int(11) NOT NULL,
  `uangMakan` int(11) NOT NULL,
  `uangTransport` int(11) NOT NULL,
  `tunjHariTua` int(11) NOT NULL,
  `tunjKecelakaan` int(11) NOT NULL,
  `tunjKesehatan` int(11) NOT NULL,
  `tunjKematian` int(11) NOT NULL,
  PRIMARY KEY (`id`)
) ENGINE=InnoDB DEFAULT CHARSET=latin1;

--
-- Dumping data for table `config`
--

INSERT INTO `config` (`id`, `jamMasuk`, `jamKeluar`, `waktuMulaiLembur`, `dendaAlfa`, `uangMakan`, `uangTransport`, `tunjHariTua`, `tunjKecelakaan`, `tunjKesehatan`, `tunjKematian`) VALUES
(1, '08:00:00', '16:00:00', '16:30:00', 50000, 20000, 30000, 50000, 50000, 50000, 50000);

-- --------------------------------------------------------

--
-- Table structure for table `daftar_gaji`
--

CREATE TABLE IF NOT EXISTS `daftar_gaji` (
  `id` int(11) NOT NULL AUTO_INCREMENT,
  `tanggal` date NOT NULL,
  `nip` int(11) NOT NULL,
  `id_jabatan` int(11) DEFAULT NULL,
  `uang_lembur` int(11) NOT NULL DEFAULT '0',
  `uang_makan` int(11) NOT NULL DEFAULT '0',
  `uang_transport` int(11) NOT NULL DEFAULT '0',
  `tunj_istri` int(11) NOT NULL DEFAULT '0',
  `tunj_anak` int(11) NOT NULL DEFAULT '0',
  `tunj_hari_tua` int(11) NOT NULL DEFAULT '0',
  `tunj_kecelakaan` int(11) NOT NULL DEFAULT '0',
  `tunj_kesehatan` int(11) NOT NULL DEFAULT '0',
  `tunj_kematian` int(11) NOT NULL DEFAULT '0',
  `tunj_hari_raya` int(11) NOT NULL DEFAULT '0',
  `bonus` int(11) NOT NULL DEFAULT '0',
  `gaji_kotor` bigint(20) NOT NULL DEFAULT '0',
  `potongan` int(11) NOT NULL DEFAULT '0',
  `total_upah` bigint(20) NOT NULL DEFAULT '0',
  PRIMARY KEY (`id`),
  KEY `nip` (`nip`),
  KEY `id_jabatan` (`id_jabatan`)
) ENGINE=InnoDB  DEFAULT CHARSET=latin1 AUTO_INCREMENT=4 ;

--
-- Dumping data for table `daftar_gaji`
--

INSERT INTO `daftar_gaji` (`id`, `tanggal`, `nip`, `id_jabatan`, `uang_lembur`, `uang_makan`, `uang_transport`, `tunj_istri`, `tunj_anak`, `tunj_hari_tua`, `tunj_kecelakaan`, `tunj_kesehatan`, `tunj_kematian`, `tunj_hari_raya`, `bonus`, `gaji_kotor`, `potongan`, `total_upah`) VALUES
(1, '2017-04-24', 31, 5, 0, 20000, 30000, 423525, 52352, 50000, 50000, 50000, 50000, 52352, 342, 3726219, 0, 3726219),
(2, '2017-04-24', 33, 5, 0, 20000, 30000, 0, 0, 50000, 50000, 50000, 50000, 0, 55234, 3305234, 51000, 3254234),
(3, '2017-05-02', 30, NULL, 0, 20000, 30000, 0, 0, 50000, 50000, 50000, 50000, 900000, 1200000, 4450000, 0, 4450000);

-- --------------------------------------------------------

--
-- Table structure for table `data_absensi`
--

CREATE TABLE IF NOT EXISTS `data_absensi` (
  `id` int(11) NOT NULL AUTO_INCREMENT,
  `nip` int(11) NOT NULL,
  `keterangan` enum('Alfa','Hadir','Izin','Sakit','Cuti') NOT NULL DEFAULT 'Alfa',
  `waktu_masuk` datetime NOT NULL,
  `waktu_keluar` datetime NOT NULL,
  `denda` bigint(20) DEFAULT NULL,
  PRIMARY KEY (`id`),
  UNIQUE KEY `id` (`nip`,`waktu_masuk`),
  KEY `nip` (`nip`)
) ENGINE=InnoDB  DEFAULT CHARSET=latin1 AUTO_INCREMENT=1347 ;

--
-- Dumping data for table `data_absensi`
--

INSERT INTO `data_absensi` (`id`, `nip`, `keterangan`, `waktu_masuk`, `waktu_keluar`, `denda`) VALUES
(1, 23, 'Hadir', '2017-03-31 08:00:00', '2017-03-31 16:00:00', NULL),
(2, 24, 'Hadir', '2017-03-31 08:00:00', '2017-03-31 16:00:00', NULL),
(3, 25, 'Hadir', '2017-03-31 08:00:00', '2017-03-31 16:00:00', NULL),
(4, 26, 'Hadir', '2017-03-31 08:00:00', '2017-03-31 16:00:00', NULL),
(5, 27, 'Hadir', '2017-03-31 08:00:00', '2017-03-31 16:00:00', NULL),
(6, 28, 'Hadir', '2017-03-31 08:00:00', '2017-03-31 16:00:00', NULL),
(7, 29, 'Hadir', '2017-03-31 08:00:00', '2017-03-31 16:00:00', NULL),
(8, 30, 'Hadir', '2017-03-31 08:00:00', '2017-03-31 16:00:00', NULL),
(9, 31, 'Hadir', '2017-03-31 08:00:00', '2017-03-31 16:00:00', NULL),
(10, 32, 'Hadir', '2017-03-31 08:00:00', '2017-03-31 16:00:00', NULL),
(11, 33, 'Hadir', '2017-03-31 08:00:00', '2017-03-31 16:00:00', NULL),
(12, 34, 'Hadir', '2017-03-31 08:00:00', '2017-03-31 16:00:00', NULL),
(13, 35, 'Hadir', '2017-03-31 08:00:00', '2017-03-31 16:00:00', NULL),
(14, 36, 'Hadir', '2017-03-31 08:00:00', '2017-03-31 16:00:00', NULL),
(15, 37, 'Hadir', '2017-03-31 08:00:00', '2017-03-31 16:00:00', NULL),
(16, 38, 'Hadir', '2017-03-31 08:00:00', '2017-03-31 16:00:00', NULL),
(17, 39, 'Hadir', '2017-03-31 08:00:00', '2017-03-31 16:00:00', NULL),
(18, 40, 'Hadir', '2017-03-31 08:00:00', '2017-03-31 16:00:00', NULL),
(19, 41, 'Hadir', '2017-03-31 08:00:00', '2017-03-31 16:00:00', NULL),
(20, 42, 'Hadir', '2017-03-31 08:00:00', '2017-03-31 16:00:00', NULL),
(21, 43, 'Hadir', '2017-03-31 08:00:00', '2017-03-31 16:00:00', NULL),
(22, 44, 'Hadir', '2017-03-31 08:00:00', '2017-03-31 16:00:00', NULL),
(23, 45, 'Hadir', '2017-03-31 08:00:00', '2017-03-31 16:00:00', NULL),
(24, 46, 'Hadir', '2017-03-31 08:00:00', '2017-03-31 16:00:00', NULL),
(25, 47, 'Hadir', '2017-03-31 08:00:00', '2017-03-31 16:00:00', NULL),
(26, 48, 'Hadir', '2017-03-31 08:00:00', '2017-03-31 16:00:00', NULL),
(27, 49, 'Hadir', '2017-03-31 08:00:00', '2017-03-31 16:00:00', NULL),
(28, 50, 'Hadir', '2017-03-31 08:00:00', '2017-03-31 16:00:00', NULL),
(29, 51, 'Hadir', '2017-03-31 08:00:00', '2017-03-31 16:00:00', NULL),
(30, 52, 'Hadir', '2017-03-31 08:00:00', '2017-03-31 16:00:00', NULL),
(31, 53, 'Hadir', '2017-03-31 08:00:00', '2017-03-31 16:00:00', NULL),
(32, 54, 'Hadir', '2017-03-31 08:00:00', '2017-03-31 16:00:00', NULL),
(33, 55, 'Hadir', '2017-03-31 08:00:00', '2017-03-31 16:00:00', NULL),
(34, 56, 'Hadir', '2017-03-31 08:00:00', '2017-03-31 16:00:00', NULL),
(35, 57, 'Hadir', '2017-03-31 08:00:00', '2017-03-31 16:00:00', NULL),
(36, 58, 'Hadir', '2017-03-31 08:00:00', '2017-03-31 16:00:00', NULL),
(37, 59, 'Hadir', '2017-03-31 08:00:00', '2017-03-31 16:00:00', NULL),
(38, 60, 'Hadir', '2017-03-31 08:00:00', '2017-03-31 16:00:00', NULL),
(39, 61, 'Hadir', '2017-03-31 08:00:00', '2017-03-31 16:00:00', NULL),
(40, 62, 'Hadir', '2017-03-31 08:00:00', '2017-03-31 16:00:00', NULL),
(41, 63, 'Hadir', '2017-03-31 08:00:00', '2017-03-31 16:00:00', NULL),
(42, 64, 'Hadir', '2017-03-31 08:00:00', '2017-03-31 16:00:00', NULL),
(43, 65, 'Hadir', '2017-03-31 08:00:00', '2017-03-31 16:00:00', NULL),
(44, 66, 'Hadir', '2017-03-31 08:00:00', '2017-03-31 16:00:00', NULL),
(45, 67, 'Hadir', '2017-03-31 08:00:00', '2017-03-31 16:00:00', NULL),
(46, 68, 'Hadir', '2017-03-31 08:00:00', '2017-03-31 16:00:00', NULL),
(47, 69, 'Hadir', '2017-03-31 08:00:00', '2017-03-31 16:00:00', NULL),
(48, 70, 'Hadir', '2017-03-31 08:00:00', '2017-03-31 16:00:00', NULL),
(146, 23, 'Hadir', '2017-04-03 08:00:00', '2017-04-03 16:00:00', NULL),
(147, 24, 'Hadir', '2017-04-03 08:00:00', '2017-04-03 16:00:00', NULL),
(148, 25, 'Hadir', '2017-04-03 08:00:00', '2017-04-03 16:00:00', NULL),
(149, 26, 'Hadir', '2017-04-03 08:00:00', '2017-04-03 16:00:00', NULL),
(150, 27, 'Hadir', '2017-04-03 08:00:00', '2017-04-03 16:00:00', NULL),
(151, 28, 'Hadir', '2017-04-03 08:00:00', '2017-04-03 16:00:00', NULL),
(152, 29, 'Hadir', '2017-04-03 08:00:00', '2017-04-03 16:00:00', NULL),
(153, 30, 'Hadir', '2017-04-03 08:00:00', '2017-04-03 16:00:00', NULL),
(154, 31, 'Hadir', '2017-04-03 08:00:00', '2017-04-03 16:00:00', NULL),
(155, 32, 'Hadir', '2017-04-03 08:00:00', '2017-04-03 16:00:00', NULL),
(156, 33, 'Hadir', '2017-04-03 08:00:00', '2017-04-03 16:00:00', NULL),
(157, 34, 'Hadir', '2017-04-03 08:00:00', '2017-04-03 16:00:00', NULL),
(158, 35, 'Hadir', '2017-04-03 08:00:00', '2017-04-03 16:00:00', NULL),
(159, 36, 'Hadir', '2017-04-03 08:00:00', '2017-04-03 16:00:00', NULL),
(160, 37, 'Hadir', '2017-04-03 08:00:00', '2017-04-03 16:00:00', NULL),
(161, 38, 'Hadir', '2017-04-03 08:00:00', '2017-04-03 16:00:00', NULL),
(162, 39, 'Hadir', '2017-04-03 08:00:00', '2017-04-03 16:00:00', NULL),
(163, 40, 'Hadir', '2017-04-03 08:00:00', '2017-04-03 16:00:00', NULL),
(164, 41, 'Hadir', '2017-04-03 08:00:00', '2017-04-03 16:00:00', NULL),
(165, 42, 'Hadir', '2017-04-03 08:00:00', '2017-04-03 16:00:00', NULL),
(166, 43, 'Hadir', '2017-04-03 08:00:00', '2017-04-03 16:00:00', NULL),
(167, 44, 'Hadir', '2017-04-03 08:00:00', '2017-04-03 16:00:00', NULL),
(168, 45, 'Hadir', '2017-04-03 08:00:00', '2017-04-03 16:00:00', NULL),
(169, 46, 'Hadir', '2017-04-03 08:00:00', '2017-04-03 16:00:00', NULL),
(170, 47, 'Hadir', '2017-04-03 08:00:00', '2017-04-03 16:00:00', NULL),
(171, 48, 'Hadir', '2017-04-03 08:00:00', '2017-04-03 16:00:00', NULL),
(172, 49, 'Hadir', '2017-04-03 08:00:00', '2017-04-03 16:00:00', NULL),
(173, 50, 'Hadir', '2017-04-03 08:00:00', '2017-04-03 16:00:00', NULL),
(174, 51, 'Hadir', '2017-04-03 08:00:00', '2017-04-03 16:00:00', NULL),
(175, 52, 'Hadir', '2017-04-03 08:00:00', '2017-04-03 16:00:00', NULL),
(176, 53, 'Hadir', '2017-04-03 08:00:00', '2017-04-03 16:00:00', NULL),
(177, 54, 'Hadir', '2017-04-03 08:00:00', '2017-04-03 16:00:00', NULL),
(178, 55, 'Hadir', '2017-04-03 08:00:00', '2017-04-03 16:00:00', NULL),
(179, 56, 'Hadir', '2017-04-03 08:00:00', '2017-04-03 16:00:00', NULL),
(180, 57, 'Hadir', '2017-04-03 08:00:00', '2017-04-03 16:00:00', NULL),
(181, 58, 'Hadir', '2017-04-03 08:00:00', '2017-04-03 16:00:00', NULL),
(182, 59, 'Hadir', '2017-04-03 08:00:00', '2017-04-03 16:00:00', NULL),
(183, 60, 'Hadir', '2017-04-03 08:00:00', '2017-04-03 16:00:00', NULL),
(184, 61, 'Hadir', '2017-04-03 08:00:00', '2017-04-03 16:00:00', NULL),
(185, 62, 'Hadir', '2017-04-03 08:00:00', '2017-04-03 16:00:00', NULL),
(186, 63, 'Hadir', '2017-04-03 08:00:00', '2017-04-03 16:00:00', NULL),
(187, 64, 'Hadir', '2017-04-03 08:00:00', '2017-04-03 16:00:00', NULL),
(188, 65, 'Hadir', '2017-04-03 08:00:00', '2017-04-03 16:00:00', NULL),
(189, 66, 'Hadir', '2017-04-03 08:00:00', '2017-04-03 16:00:00', NULL),
(190, 67, 'Hadir', '2017-04-03 08:00:00', '2017-04-03 16:00:00', NULL),
(191, 68, 'Hadir', '2017-04-03 08:00:00', '2017-04-03 16:00:00', NULL),
(192, 69, 'Hadir', '2017-04-03 08:00:00', '2017-04-03 16:00:00', NULL),
(193, 70, 'Hadir', '2017-04-03 08:00:00', '2017-04-03 16:00:00', NULL),
(194, 23, 'Hadir', '2017-04-04 08:00:00', '2017-04-04 16:00:00', NULL),
(195, 24, 'Hadir', '2017-04-04 08:00:00', '2017-04-04 16:00:00', NULL),
(196, 25, 'Hadir', '2017-04-04 08:00:00', '2017-04-04 16:00:00', NULL),
(197, 26, 'Hadir', '2017-04-04 08:00:00', '2017-04-04 16:00:00', NULL),
(198, 27, 'Hadir', '2017-04-04 08:00:00', '2017-04-04 16:00:00', NULL),
(199, 28, 'Hadir', '2017-04-04 08:00:00', '2017-04-04 16:00:00', NULL),
(200, 29, 'Hadir', '2017-04-04 08:00:00', '2017-04-04 16:00:00', NULL),
(201, 30, 'Hadir', '2017-04-04 08:00:00', '2017-04-04 16:00:00', NULL),
(202, 31, 'Hadir', '2017-04-04 08:00:00', '2017-04-04 16:00:00', NULL),
(203, 32, 'Hadir', '2017-04-04 08:00:00', '2017-04-04 16:00:00', NULL),
(204, 33, 'Hadir', '2017-04-04 08:00:00', '2017-04-04 16:00:00', NULL),
(205, 34, 'Hadir', '2017-04-04 08:00:00', '2017-04-04 16:00:00', NULL),
(206, 35, 'Hadir', '2017-04-04 08:00:00', '2017-04-04 16:00:00', NULL),
(207, 36, 'Hadir', '2017-04-04 08:00:00', '2017-04-04 16:00:00', NULL),
(208, 37, 'Hadir', '2017-04-04 08:00:00', '2017-04-04 16:00:00', NULL),
(209, 38, 'Hadir', '2017-04-04 08:00:00', '2017-04-04 16:00:00', NULL),
(210, 39, 'Hadir', '2017-04-04 08:00:00', '2017-04-04 16:00:00', NULL),
(211, 40, 'Hadir', '2017-04-04 08:00:00', '2017-04-04 16:00:00', NULL),
(212, 41, 'Hadir', '2017-04-04 08:00:00', '2017-04-04 16:00:00', NULL),
(213, 42, 'Hadir', '2017-04-04 08:00:00', '2017-04-04 16:00:00', NULL),
(214, 43, 'Hadir', '2017-04-04 08:00:00', '2017-04-04 16:00:00', NULL),
(215, 44, 'Hadir', '2017-04-04 08:00:00', '2017-04-04 16:00:00', NULL),
(216, 45, 'Hadir', '2017-04-04 08:00:00', '2017-04-04 16:00:00', NULL),
(217, 46, 'Hadir', '2017-04-04 08:00:00', '2017-04-04 16:00:00', NULL),
(218, 47, 'Hadir', '2017-04-04 08:00:00', '2017-04-04 16:00:00', NULL),
(219, 48, 'Hadir', '2017-04-04 08:00:00', '2017-04-04 16:00:00', NULL),
(220, 49, 'Hadir', '2017-04-04 08:00:00', '2017-04-04 16:00:00', NULL),
(221, 50, 'Alfa', '2017-04-04 00:00:00', '2017-04-04 00:00:00', NULL),
(222, 51, 'Hadir', '2017-04-04 08:00:00', '2017-04-04 16:00:00', NULL),
(223, 52, 'Hadir', '2017-04-04 08:00:00', '2017-04-04 16:00:00', NULL),
(224, 53, 'Hadir', '2017-04-04 08:00:00', '2017-04-04 16:00:00', NULL),
(225, 54, 'Hadir', '2017-04-04 08:00:00', '2017-04-04 16:00:00', NULL),
(226, 55, 'Hadir', '2017-04-04 08:00:00', '2017-04-04 16:00:00', NULL),
(227, 56, 'Hadir', '2017-04-04 08:00:00', '2017-04-04 16:00:00', NULL),
(228, 57, 'Alfa', '2017-04-04 00:00:00', '2017-04-04 00:00:00', NULL),
(229, 58, 'Hadir', '2017-04-04 08:00:00', '2017-04-04 16:00:00', NULL),
(230, 59, 'Alfa', '2017-04-04 00:00:00', '2017-04-04 00:00:00', NULL),
(231, 60, 'Hadir', '2017-04-04 08:00:00', '2017-04-04 16:00:00', NULL),
(232, 61, 'Hadir', '2017-04-04 08:00:00', '2017-04-04 16:00:00', NULL),
(233, 62, 'Hadir', '2017-04-04 08:00:00', '2017-04-04 16:00:00', NULL),
(234, 63, 'Alfa', '2017-04-04 00:00:00', '2017-04-04 00:00:00', NULL),
(235, 64, 'Hadir', '2017-04-04 08:00:00', '2017-04-04 16:00:00', NULL),
(236, 65, 'Hadir', '2017-04-04 08:00:00', '2017-04-04 16:00:00', NULL),
(237, 66, 'Hadir', '2017-04-04 08:00:00', '2017-04-04 16:00:00', NULL),
(238, 67, 'Hadir', '2017-04-04 08:00:00', '2017-04-04 16:00:00', NULL),
(239, 68, 'Hadir', '2017-04-04 08:00:00', '2017-04-04 16:00:00', NULL),
(240, 69, 'Hadir', '2017-04-04 08:00:00', '2017-04-04 16:00:00', NULL),
(241, 70, 'Hadir', '2017-04-04 08:00:00', '2017-04-04 16:00:00', NULL),
(242, 23, 'Hadir', '2017-04-05 00:00:00', '2017-04-05 00:00:00', NULL),
(243, 24, 'Hadir', '2017-04-05 08:00:00', '2017-04-05 16:00:00', NULL),
(244, 25, 'Hadir', '2017-04-05 08:00:00', '2017-04-05 16:00:00', NULL),
(245, 26, 'Hadir', '2017-04-05 08:00:00', '2017-04-05 16:00:00', NULL),
(246, 27, 'Hadir', '2017-04-05 08:00:00', '2017-04-05 16:00:00', NULL),
(247, 28, 'Hadir', '2017-04-05 00:00:00', '2017-04-05 00:00:00', NULL),
(248, 29, 'Hadir', '2017-04-05 08:00:00', '2017-04-05 16:00:00', NULL),
(249, 30, 'Hadir', '2017-04-05 08:00:00', '2017-04-05 16:00:00', NULL),
(250, 31, 'Hadir', '2017-04-05 08:00:00', '2017-04-05 16:00:00', NULL),
(251, 32, 'Hadir', '2017-04-05 08:00:00', '2017-04-05 16:00:00', NULL),
(252, 33, 'Hadir', '2017-04-05 08:00:00', '2017-04-05 16:00:00', NULL),
(253, 34, 'Hadir', '2017-04-05 08:00:00', '2017-04-05 16:00:00', NULL),
(254, 35, 'Hadir', '2017-04-05 08:00:00', '2017-04-05 16:00:00', NULL),
(255, 36, 'Hadir', '2017-04-05 08:00:00', '2017-04-05 16:00:00', NULL),
(256, 37, 'Hadir', '2017-04-05 08:00:00', '2017-04-05 16:00:00', NULL),
(257, 38, 'Hadir', '2017-04-05 08:00:00', '2017-04-05 16:00:00', NULL),
(258, 39, 'Hadir', '2017-04-05 08:00:00', '2017-04-05 16:00:00', NULL),
(259, 40, 'Hadir', '2017-04-05 08:00:00', '2017-04-05 16:00:00', NULL),
(260, 41, 'Hadir', '2017-04-05 08:00:00', '2017-04-05 16:00:00', NULL),
(261, 42, 'Hadir', '2017-04-05 08:00:00', '2017-04-05 16:00:00', NULL),
(262, 43, 'Hadir', '2017-04-05 08:00:00', '2017-04-05 16:00:00', NULL),
(263, 44, 'Hadir', '2017-04-05 08:00:00', '2017-04-05 16:00:00', NULL),
(264, 45, 'Hadir', '2017-04-05 08:00:00', '2017-04-05 16:00:00', NULL),
(265, 46, 'Hadir', '2017-04-05 08:00:00', '2017-04-05 16:00:00', NULL),
(266, 47, 'Hadir', '2017-04-05 08:00:00', '2017-04-05 16:00:00', NULL),
(267, 48, 'Hadir', '2017-04-05 08:00:00', '2017-04-05 16:00:00', NULL),
(268, 49, 'Hadir', '2017-04-05 08:00:00', '2017-04-05 16:00:00', NULL),
(269, 50, 'Hadir', '2017-04-05 08:00:00', '2017-04-05 16:00:00', NULL),
(270, 51, 'Hadir', '2017-04-05 08:00:00', '2017-04-05 16:00:00', NULL),
(271, 52, 'Hadir', '2017-04-05 08:00:00', '2017-04-05 16:00:00', NULL),
(272, 53, 'Hadir', '2017-04-05 08:00:00', '2017-04-05 16:00:00', NULL),
(273, 54, 'Hadir', '2017-04-05 08:00:00', '2017-04-05 16:00:00', NULL),
(274, 55, 'Hadir', '2017-04-05 08:00:00', '2017-04-05 16:00:00', NULL),
(275, 56, 'Hadir', '2017-04-05 08:00:00', '2017-04-05 16:00:00', NULL),
(276, 57, 'Hadir', '2017-04-05 08:00:00', '2017-04-05 16:00:00', NULL),
(277, 58, 'Hadir', '2017-04-05 08:00:00', '2017-04-05 16:00:00', NULL),
(278, 59, 'Hadir', '2017-04-05 08:00:00', '2017-04-05 16:00:00', NULL),
(279, 60, 'Hadir', '2017-04-05 08:00:00', '2017-04-05 16:00:00', NULL),
(280, 61, 'Hadir', '2017-04-05 08:00:00', '2017-04-05 16:00:00', NULL),
(281, 62, 'Hadir', '2017-04-05 08:00:00', '2017-04-05 16:00:00', NULL),
(282, 63, 'Hadir', '2017-04-05 08:00:00', '2017-04-05 16:00:00', NULL),
(283, 64, 'Hadir', '2017-04-05 08:00:00', '2017-04-05 16:00:00', NULL),
(284, 65, 'Hadir', '2017-04-05 08:00:00', '2017-04-05 16:00:00', NULL),
(285, 66, 'Hadir', '2017-04-05 08:00:00', '2017-04-05 16:00:00', NULL),
(286, 67, 'Hadir', '2017-04-05 08:00:00', '2017-04-05 16:00:00', NULL),
(287, 68, 'Hadir', '2017-04-05 08:00:00', '2017-04-05 16:00:00', NULL),
(288, 69, 'Hadir', '2017-04-05 08:00:00', '2017-04-05 16:00:00', NULL),
(289, 70, 'Hadir', '2017-04-05 08:00:00', '2017-04-05 16:00:00', NULL),
(290, 23, 'Hadir', '2017-04-06 08:00:00', '2017-04-06 16:00:00', NULL),
(291, 24, 'Hadir', '2017-04-06 08:00:00', '2017-04-06 16:00:00', NULL),
(292, 25, 'Hadir', '2017-04-06 08:00:00', '2017-04-06 16:00:00', NULL),
(293, 26, 'Hadir', '2017-04-06 08:00:00', '2017-04-06 16:00:00', NULL),
(294, 27, 'Hadir', '2017-04-06 08:00:00', '2017-04-06 16:00:00', NULL),
(295, 28, 'Hadir', '2017-04-06 08:00:00', '2017-04-06 16:00:00', NULL),
(296, 29, 'Hadir', '2017-04-06 08:00:00', '2017-04-06 16:00:00', NULL),
(297, 30, 'Hadir', '2017-04-06 08:00:00', '2017-04-06 16:00:00', NULL),
(298, 31, 'Hadir', '2017-04-06 08:00:00', '2017-04-06 16:00:00', NULL),
(299, 32, 'Hadir', '2017-04-06 08:00:00', '2017-04-06 16:00:00', NULL),
(300, 33, 'Hadir', '2017-04-06 08:00:00', '2017-04-06 16:00:00', NULL),
(301, 34, 'Hadir', '2017-04-06 08:00:00', '2017-04-06 16:00:00', NULL),
(302, 35, 'Hadir', '2017-04-06 08:00:00', '2017-04-06 16:00:00', NULL),
(303, 36, 'Hadir', '2017-04-06 08:00:00', '2017-04-06 16:00:00', NULL),
(304, 37, 'Hadir', '2017-04-06 08:00:00', '2017-04-06 16:00:00', NULL),
(305, 38, 'Hadir', '2017-04-06 08:00:00', '2017-04-06 16:00:00', NULL),
(306, 39, 'Hadir', '2017-04-06 08:00:00', '2017-04-06 16:00:00', NULL),
(307, 40, 'Hadir', '2017-04-06 08:00:00', '2017-04-06 16:00:00', NULL),
(308, 41, 'Hadir', '2017-04-06 08:00:00', '2017-04-06 16:00:00', NULL),
(309, 42, 'Hadir', '2017-04-06 08:00:00', '2017-04-06 16:00:00', NULL),
(310, 43, 'Hadir', '2017-04-06 08:00:00', '2017-04-06 16:00:00', NULL),
(311, 44, 'Hadir', '2017-04-06 08:00:00', '2017-04-06 16:00:00', NULL),
(312, 45, 'Hadir', '2017-04-06 08:00:00', '2017-04-06 16:00:00', NULL),
(313, 46, 'Hadir', '2017-04-06 08:00:00', '2017-04-06 16:00:00', NULL),
(314, 47, 'Hadir', '2017-04-06 08:00:00', '2017-04-06 16:00:00', NULL),
(315, 48, 'Hadir', '2017-04-06 08:00:00', '2017-04-06 16:00:00', NULL),
(316, 49, 'Hadir', '2017-04-06 08:00:00', '2017-04-06 16:00:00', NULL),
(317, 50, 'Hadir', '2017-04-06 08:00:00', '2017-04-06 16:00:00', NULL),
(318, 51, 'Hadir', '2017-04-06 08:00:00', '2017-04-06 16:00:00', NULL),
(319, 52, 'Hadir', '2017-04-06 08:00:00', '2017-04-06 16:00:00', NULL),
(320, 53, 'Hadir', '2017-04-06 08:00:00', '2017-04-06 16:00:00', NULL),
(321, 54, 'Hadir', '2017-04-06 08:00:00', '2017-04-06 16:00:00', NULL),
(322, 55, 'Hadir', '2017-04-06 08:10:00', '2017-04-06 16:00:00', NULL),
(323, 56, 'Hadir', '2017-04-06 08:00:00', '2017-04-06 16:00:00', NULL),
(324, 57, 'Hadir', '2017-04-06 08:00:00', '2017-04-06 16:00:00', NULL),
(325, 58, 'Hadir', '2017-04-06 08:00:00', '2017-04-06 16:00:00', NULL),
(326, 59, 'Hadir', '2017-04-06 08:40:00', '2017-04-06 16:00:00', NULL),
(327, 60, 'Hadir', '2017-04-06 08:00:00', '2017-04-06 16:00:00', NULL),
(328, 61, 'Hadir', '2017-04-06 08:00:00', '2017-04-06 16:00:00', NULL),
(329, 62, 'Hadir', '2017-04-06 08:00:00', '2017-04-06 16:00:00', NULL),
(330, 63, 'Hadir', '2017-04-06 08:00:00', '2017-04-06 16:00:00', NULL),
(331, 64, 'Hadir', '2017-04-06 08:00:00', '2017-04-06 16:00:00', NULL),
(332, 65, 'Hadir', '2017-04-06 08:00:00', '2017-04-06 16:00:00', NULL),
(333, 66, 'Hadir', '2017-04-06 08:00:00', '2017-04-06 16:00:00', NULL),
(334, 67, 'Hadir', '2017-04-06 08:00:00', '2017-04-06 16:00:00', NULL),
(335, 68, 'Hadir', '2017-04-06 08:00:00', '2017-04-06 16:00:00', NULL),
(336, 69, 'Hadir', '2017-04-06 08:00:00', '2017-04-06 16:00:00', NULL),
(337, 70, 'Hadir', '2017-04-06 08:00:00', '2017-04-06 16:00:00', NULL),
(338, 23, 'Hadir', '2017-04-07 08:00:00', '2017-04-07 16:00:00', NULL),
(339, 24, 'Hadir', '2017-04-07 08:00:00', '2017-04-07 16:00:00', NULL),
(340, 25, 'Hadir', '2017-04-07 08:00:00', '2017-04-07 16:00:00', NULL),
(341, 26, 'Hadir', '2017-04-07 08:00:00', '2017-04-07 16:00:00', NULL),
(342, 27, 'Hadir', '2017-04-07 08:00:00', '2017-04-07 16:00:00', NULL),
(343, 28, 'Hadir', '2017-04-07 08:00:00', '2017-04-07 16:00:00', NULL),
(344, 29, 'Hadir', '2017-04-07 08:00:00', '2017-04-07 16:00:00', NULL),
(345, 30, 'Hadir', '2017-04-07 08:00:00', '2017-04-07 16:00:00', NULL),
(346, 31, 'Hadir', '2017-04-07 08:00:00', '2017-04-07 16:00:00', NULL),
(347, 32, 'Hadir', '2017-04-07 08:00:00', '2017-04-07 16:00:00', NULL),
(348, 33, 'Hadir', '2017-04-07 08:00:00', '2017-04-07 16:00:00', NULL),
(349, 34, 'Hadir', '2017-04-07 08:00:00', '2017-04-07 16:00:00', NULL),
(350, 35, 'Hadir', '2017-04-07 08:00:00', '2017-04-07 16:00:00', NULL),
(351, 36, 'Hadir', '2017-04-07 08:00:00', '2017-04-07 16:00:00', NULL),
(352, 37, 'Hadir', '2017-04-07 08:00:00', '2017-04-07 16:00:00', NULL),
(353, 38, 'Hadir', '2017-04-07 08:00:00', '2017-04-07 16:00:00', NULL),
(354, 39, 'Hadir', '2017-04-07 08:00:00', '2017-04-07 16:00:00', NULL),
(355, 40, 'Hadir', '2017-04-07 08:00:00', '2017-04-07 16:00:00', NULL),
(356, 41, 'Hadir', '2017-04-07 08:00:00', '2017-04-07 16:00:00', NULL),
(357, 42, 'Hadir', '2017-04-07 08:00:00', '2017-04-07 16:00:00', NULL),
(358, 43, 'Hadir', '2017-04-07 08:00:00', '2017-04-07 16:00:00', NULL),
(359, 44, 'Hadir', '2017-04-07 08:00:00', '2017-04-07 16:00:00', NULL),
(360, 45, 'Hadir', '2017-04-07 08:00:00', '2017-04-07 16:00:00', NULL),
(361, 46, 'Hadir', '2017-04-07 08:00:00', '2017-04-07 16:00:00', NULL),
(362, 47, 'Hadir', '2017-04-07 08:00:00', '2017-04-07 16:00:00', NULL),
(363, 48, 'Hadir', '2017-04-07 08:00:00', '2017-04-07 16:00:00', NULL),
(364, 49, 'Hadir', '2017-04-07 08:00:00', '2017-04-07 16:00:00', NULL),
(365, 50, 'Hadir', '2017-04-07 08:00:00', '2017-04-07 16:00:00', NULL),
(366, 51, 'Hadir', '2017-04-07 08:00:00', '2017-04-07 16:00:00', NULL),
(367, 52, 'Hadir', '2017-04-07 08:00:00', '2017-04-07 16:00:00', NULL),
(368, 53, 'Hadir', '2017-04-07 08:00:00', '2017-04-07 16:00:00', NULL),
(369, 54, 'Hadir', '2017-04-07 08:00:00', '2017-04-07 16:00:00', NULL),
(370, 55, 'Hadir', '2017-04-07 08:00:00', '2017-04-07 16:00:00', NULL),
(371, 56, 'Hadir', '2017-04-07 08:00:00', '2017-04-07 16:00:00', NULL),
(372, 57, 'Hadir', '2017-04-07 08:00:00', '2017-04-07 16:00:00', NULL),
(373, 58, 'Hadir', '2017-04-07 08:00:00', '2017-04-07 16:00:00', NULL),
(374, 59, 'Hadir', '2017-04-07 08:00:00', '2017-04-07 16:00:00', NULL),
(375, 60, 'Hadir', '2017-04-07 08:00:00', '2017-04-07 16:00:00', NULL),
(376, 61, 'Hadir', '2017-04-07 08:00:00', '2017-04-07 16:00:00', NULL),
(377, 62, 'Hadir', '2017-04-07 08:00:00', '2017-04-07 16:00:00', NULL),
(378, 63, 'Hadir', '2017-04-07 08:00:00', '2017-04-07 16:00:00', NULL),
(379, 64, 'Hadir', '2017-04-07 08:00:00', '2017-04-07 16:00:00', NULL),
(380, 65, 'Hadir', '2017-04-07 08:00:00', '2017-04-07 16:00:00', NULL),
(381, 66, 'Hadir', '2017-04-07 08:00:00', '2017-04-07 16:00:00', NULL),
(382, 67, 'Hadir', '2017-04-07 08:00:00', '2017-04-07 16:00:00', NULL),
(383, 68, 'Hadir', '2017-04-07 08:00:00', '2017-04-07 16:00:00', NULL),
(384, 69, 'Hadir', '2017-04-07 08:00:00', '2017-04-07 16:00:00', NULL),
(385, 70, 'Hadir', '2017-04-07 08:00:00', '2017-04-07 16:00:00', NULL),
(483, 23, 'Hadir', '2017-04-10 08:00:00', '2017-04-10 16:00:00', NULL),
(484, 24, 'Hadir', '2017-04-10 08:00:00', '2017-04-10 16:00:00', NULL),
(485, 25, 'Hadir', '2017-04-10 08:00:00', '2017-04-10 16:00:00', NULL),
(486, 26, 'Hadir', '2017-04-10 08:00:00', '2017-04-10 16:00:00', NULL),
(487, 27, 'Hadir', '2017-04-10 08:00:00', '2017-04-10 16:00:00', NULL),
(488, 28, 'Hadir', '2017-04-10 08:00:00', '2017-04-10 16:00:00', NULL),
(489, 29, 'Hadir', '2017-04-10 08:00:00', '2017-04-10 16:00:00', NULL),
(490, 30, 'Hadir', '2017-04-10 08:00:00', '2017-04-10 16:00:00', NULL),
(491, 31, 'Hadir', '2017-04-10 08:00:00', '2017-04-10 16:00:00', NULL),
(492, 32, 'Hadir', '2017-04-10 08:00:00', '2017-04-10 16:00:00', NULL),
(493, 33, 'Hadir', '2017-04-10 08:00:00', '2017-04-10 16:00:00', NULL),
(494, 34, 'Hadir', '2017-04-10 08:00:00', '2017-04-10 16:00:00', NULL),
(495, 35, 'Hadir', '2017-04-10 08:00:00', '2017-04-10 16:00:00', NULL),
(496, 36, 'Hadir', '2017-04-10 08:00:00', '2017-04-10 16:00:00', NULL),
(497, 37, 'Hadir', '2017-04-10 08:00:00', '2017-04-10 16:00:00', NULL),
(498, 38, 'Hadir', '2017-04-10 08:00:00', '2017-04-10 16:00:00', NULL),
(499, 39, 'Hadir', '2017-04-10 08:00:00', '2017-04-10 16:00:00', NULL),
(500, 40, 'Hadir', '2017-04-10 08:00:00', '2017-04-10 16:00:00', NULL),
(501, 41, 'Hadir', '2017-04-10 08:00:00', '2017-04-10 16:00:00', NULL),
(502, 42, 'Hadir', '2017-04-10 08:00:00', '2017-04-10 16:00:00', NULL),
(503, 43, 'Hadir', '2017-04-10 08:00:00', '2017-04-10 16:00:00', NULL),
(504, 44, 'Hadir', '2017-04-10 08:00:00', '2017-04-10 16:00:00', NULL),
(505, 45, 'Hadir', '2017-04-10 08:00:00', '2017-04-10 16:00:00', NULL),
(506, 46, 'Hadir', '2017-04-10 08:00:00', '2017-04-10 16:00:00', NULL),
(507, 47, 'Hadir', '2017-04-10 08:00:00', '2017-04-10 16:00:00', NULL),
(508, 48, 'Hadir', '2017-04-10 08:00:00', '2017-04-10 16:00:00', NULL),
(509, 49, 'Hadir', '2017-04-10 08:00:00', '2017-04-10 16:00:00', NULL),
(510, 50, 'Hadir', '2017-04-10 08:00:00', '2017-04-10 16:00:00', NULL),
(511, 51, 'Hadir', '2017-04-10 08:00:00', '2017-04-10 16:00:00', NULL),
(512, 52, 'Hadir', '2017-04-10 08:00:00', '2017-04-10 16:00:00', NULL),
(513, 53, 'Hadir', '2017-04-10 08:00:00', '2017-04-10 16:00:00', NULL),
(514, 54, 'Hadir', '2017-04-10 08:00:00', '2017-04-10 16:00:00', NULL),
(515, 55, 'Hadir', '2017-04-10 08:00:00', '2017-04-10 16:00:00', NULL),
(516, 56, 'Hadir', '2017-04-10 08:00:00', '2017-04-10 16:00:00', NULL),
(517, 57, 'Hadir', '2017-04-10 08:00:00', '2017-04-10 16:00:00', NULL),
(518, 58, 'Hadir', '2017-04-10 08:00:00', '2017-04-10 16:00:00', NULL),
(519, 59, 'Hadir', '2017-04-10 08:00:00', '2017-04-10 16:00:00', NULL),
(520, 60, 'Hadir', '2017-04-10 08:00:00', '2017-04-10 16:00:00', NULL),
(521, 61, 'Hadir', '2017-04-10 08:00:00', '2017-04-10 16:00:00', NULL),
(522, 62, 'Hadir', '2017-04-10 08:00:00', '2017-04-10 16:00:00', NULL),
(523, 63, 'Hadir', '2017-04-10 08:00:00', '2017-04-10 16:00:00', NULL),
(524, 64, 'Hadir', '2017-04-10 08:00:00', '2017-04-10 16:00:00', NULL),
(525, 65, 'Hadir', '2017-04-10 08:00:00', '2017-04-10 16:00:00', NULL),
(526, 66, 'Hadir', '2017-04-10 08:00:00', '2017-04-10 16:00:00', NULL),
(527, 67, 'Hadir', '2017-04-10 08:00:00', '2017-04-10 16:00:00', NULL),
(528, 68, 'Hadir', '2017-04-10 08:00:00', '2017-04-10 16:00:00', NULL),
(529, 69, 'Hadir', '2017-04-10 08:00:00', '2017-04-10 16:00:00', NULL),
(530, 70, 'Hadir', '2017-04-10 08:00:00', '2017-04-10 16:00:00', NULL),
(531, 23, 'Hadir', '2017-04-11 08:00:00', '2017-04-11 16:00:00', NULL),
(532, 24, 'Hadir', '2017-04-11 08:00:00', '2017-04-11 16:00:00', NULL),
(533, 25, 'Hadir', '2017-04-11 08:00:00', '2017-04-11 16:00:00', NULL),
(534, 26, 'Hadir', '2017-04-11 08:00:00', '2017-04-11 16:00:00', NULL),
(535, 27, 'Hadir', '2017-04-11 08:00:00', '2017-04-11 16:00:00', NULL),
(536, 28, 'Hadir', '2017-04-11 08:00:00', '2017-04-11 16:00:00', NULL),
(537, 29, 'Hadir', '2017-04-11 08:10:00', '2017-04-11 16:00:00', NULL),
(538, 30, 'Hadir', '2017-04-11 08:00:00', '2017-04-11 16:00:00', NULL),
(539, 31, 'Hadir', '2017-04-11 08:00:00', '2017-04-11 16:00:00', NULL),
(540, 32, 'Hadir', '2017-04-11 08:00:00', '2017-04-11 16:00:00', NULL),
(541, 33, 'Hadir', '2017-04-11 08:00:00', '2017-04-11 16:00:00', NULL),
(542, 34, 'Hadir', '2017-04-11 08:30:00', '2017-04-11 16:00:00', NULL),
(543, 35, 'Hadir', '2017-04-11 08:00:00', '2017-04-11 16:00:00', NULL),
(544, 36, 'Hadir', '2017-04-11 08:00:00', '2017-04-11 16:00:00', NULL),
(545, 37, 'Hadir', '2017-04-11 08:00:00', '2017-04-11 16:00:00', NULL),
(546, 38, 'Hadir', '2017-04-11 08:00:00', '2017-04-11 16:00:00', NULL),
(547, 39, 'Hadir', '2017-04-11 08:00:00', '2017-04-11 16:00:00', NULL),
(548, 40, 'Hadir', '2017-04-11 08:00:00', '2017-04-11 16:00:00', NULL),
(549, 41, 'Hadir', '2017-04-11 08:00:00', '2017-04-11 16:00:00', NULL),
(550, 42, 'Hadir', '2017-04-11 09:00:00', '2017-04-11 16:00:00', NULL),
(551, 43, 'Hadir', '2017-04-11 08:00:00', '2017-04-11 16:00:00', NULL),
(552, 44, 'Hadir', '2017-04-11 08:00:00', '2017-04-11 16:00:00', NULL),
(553, 45, 'Hadir', '2017-04-11 08:00:00', '2017-04-11 16:00:00', NULL),
(554, 46, 'Hadir', '2017-04-11 08:00:00', '2017-04-11 16:00:00', NULL),
(555, 47, 'Hadir', '2017-04-11 08:00:00', '2017-04-11 16:00:00', NULL),
(556, 48, 'Hadir', '2017-04-11 08:00:00', '2017-04-11 16:00:00', NULL),
(557, 49, 'Hadir', '2017-04-11 08:00:00', '2017-04-11 16:00:00', NULL),
(558, 50, 'Hadir', '2017-04-11 08:00:00', '2017-04-11 16:00:00', NULL),
(559, 51, 'Hadir', '2017-04-11 08:00:00', '2017-04-11 16:00:00', NULL),
(560, 52, 'Hadir', '2017-04-11 08:00:00', '2017-04-11 16:00:00', NULL),
(561, 53, 'Hadir', '2017-04-11 08:00:00', '2017-04-11 16:00:00', NULL),
(562, 54, 'Hadir', '2017-04-11 08:00:00', '2017-04-11 16:00:00', NULL),
(563, 55, 'Hadir', '2017-04-11 08:00:00', '2017-04-11 16:00:00', NULL),
(564, 56, 'Hadir', '2017-04-11 08:00:00', '2017-04-11 16:00:00', NULL),
(565, 57, 'Hadir', '2017-04-11 08:00:00', '2017-04-11 16:00:00', NULL),
(566, 58, 'Hadir', '2017-04-11 08:00:00', '2017-04-11 16:00:00', NULL),
(567, 59, 'Hadir', '2017-04-11 08:00:00', '2017-04-11 16:00:00', NULL),
(568, 60, 'Hadir', '2017-04-11 08:00:00', '2017-04-11 16:00:00', NULL),
(569, 61, 'Hadir', '2017-04-11 08:00:00', '2017-04-11 16:00:00', NULL),
(570, 62, 'Hadir', '2017-04-11 08:00:00', '2017-04-11 16:00:00', NULL),
(571, 63, 'Hadir', '2017-04-11 08:00:00', '2017-04-11 16:00:00', NULL),
(572, 64, 'Hadir', '2017-04-11 08:00:00', '2017-04-11 16:00:00', NULL),
(573, 65, 'Hadir', '2017-04-11 08:00:00', '2017-04-11 16:00:00', NULL),
(574, 66, 'Hadir', '2017-04-11 08:00:00', '2017-04-11 16:00:00', NULL),
(575, 67, 'Hadir', '2017-04-11 08:00:00', '2017-04-11 16:00:00', NULL),
(576, 68, 'Hadir', '2017-04-11 08:00:00', '2017-04-11 16:00:00', NULL),
(577, 69, 'Hadir', '2017-04-11 08:00:00', '2017-04-11 16:00:00', NULL),
(578, 70, 'Hadir', '2017-04-11 08:00:00', '2017-04-11 16:00:00', NULL),
(579, 23, 'Hadir', '2017-04-12 08:00:00', '2017-04-12 16:00:00', NULL),
(580, 24, 'Hadir', '2017-04-12 08:00:00', '2017-04-12 16:00:00', NULL),
(581, 25, 'Hadir', '2017-04-12 08:00:00', '2017-04-12 16:00:00', NULL),
(582, 26, 'Hadir', '2017-04-12 08:00:00', '2017-04-12 16:00:00', NULL),
(583, 27, 'Hadir', '2017-04-12 08:00:00', '2017-04-12 16:00:00', NULL),
(584, 28, 'Hadir', '2017-04-12 08:00:00', '2017-04-12 16:00:00', NULL),
(585, 29, 'Hadir', '2017-04-12 08:00:00', '2017-04-12 16:00:00', NULL),
(586, 30, 'Hadir', '2017-04-12 08:00:00', '2017-04-12 16:00:00', NULL),
(587, 31, 'Hadir', '2017-04-12 08:00:00', '2017-04-12 16:00:00', NULL),
(588, 32, 'Hadir', '2017-04-12 08:00:00', '2017-04-12 16:00:00', NULL),
(589, 33, 'Hadir', '2017-04-12 08:00:00', '2017-04-12 16:00:00', NULL),
(590, 34, 'Hadir', '2017-04-12 08:00:00', '2017-04-12 16:00:00', NULL),
(591, 35, 'Hadir', '2017-04-12 08:00:00', '2017-04-12 16:00:00', NULL),
(592, 36, 'Hadir', '2017-04-12 08:00:00', '2017-04-12 16:00:00', NULL),
(593, 37, 'Hadir', '2017-04-12 08:00:00', '2017-04-12 16:00:00', NULL),
(594, 38, 'Hadir', '2017-04-12 08:00:00', '2017-04-12 16:00:00', NULL),
(595, 39, 'Hadir', '2017-04-12 08:00:00', '2017-04-12 16:00:00', NULL),
(596, 40, 'Hadir', '2017-04-12 08:00:00', '2017-04-12 16:00:00', NULL),
(597, 41, 'Hadir', '2017-04-12 08:00:00', '2017-04-12 16:00:00', NULL),
(598, 42, 'Hadir', '2017-04-12 08:00:00', '2017-04-12 16:00:00', NULL),
(599, 43, 'Hadir', '2017-04-12 08:00:00', '2017-04-12 16:00:00', NULL),
(600, 44, 'Hadir', '2017-04-12 08:00:00', '2017-04-12 16:00:00', NULL),
(601, 45, 'Hadir', '2017-04-12 08:00:00', '2017-04-12 16:00:00', NULL),
(602, 46, 'Hadir', '2017-04-12 08:00:00', '2017-04-12 16:00:00', NULL),
(603, 47, 'Hadir', '2017-04-12 08:00:00', '2017-04-12 16:00:00', NULL),
(604, 48, 'Hadir', '2017-04-12 08:00:00', '2017-04-12 16:00:00', NULL),
(605, 49, 'Hadir', '2017-04-12 08:00:00', '2017-04-12 16:00:00', NULL),
(606, 50, 'Hadir', '2017-04-12 08:00:00', '2017-04-12 16:00:00', NULL),
(607, 51, 'Hadir', '2017-04-12 08:00:00', '2017-04-12 16:00:00', NULL),
(608, 52, 'Hadir', '2017-04-12 08:00:00', '2017-04-12 16:00:00', NULL),
(609, 53, 'Hadir', '2017-04-12 08:00:00', '2017-04-12 16:00:00', NULL),
(610, 54, 'Hadir', '2017-04-12 08:00:00', '2017-04-12 16:00:00', NULL),
(611, 55, 'Hadir', '2017-04-12 08:00:00', '2017-04-12 16:00:00', NULL),
(612, 56, 'Hadir', '2017-04-12 08:00:00', '2017-04-12 16:00:00', NULL),
(613, 57, 'Hadir', '2017-04-12 08:00:00', '2017-04-12 16:00:00', NULL),
(614, 58, 'Hadir', '2017-04-12 08:00:00', '2017-04-12 16:00:00', NULL),
(615, 59, 'Hadir', '2017-04-12 08:00:00', '2017-04-12 16:00:00', NULL),
(616, 60, 'Hadir', '2017-04-12 08:00:00', '2017-04-12 16:00:00', NULL),
(617, 61, 'Hadir', '2017-04-12 08:00:00', '2017-04-12 16:00:00', NULL),
(618, 62, 'Hadir', '2017-04-12 08:00:00', '2017-04-12 16:00:00', NULL),
(619, 63, 'Alfa', '2017-04-12 00:00:00', '2017-04-12 00:00:00', NULL),
(620, 64, 'Hadir', '2017-04-12 08:00:00', '2017-04-12 16:00:00', NULL),
(621, 65, 'Hadir', '2017-04-12 08:00:00', '2017-04-12 16:00:00', NULL),
(622, 66, 'Alfa', '2017-04-12 00:00:00', '2017-04-12 00:00:00', NULL),
(623, 67, 'Hadir', '2017-04-12 08:00:00', '2017-04-12 16:00:00', NULL),
(624, 68, 'Hadir', '2017-04-12 08:00:00', '2017-04-12 16:00:00', NULL),
(625, 69, 'Hadir', '2017-04-12 08:00:00', '2017-04-12 16:00:00', NULL),
(626, 70, 'Hadir', '2017-04-12 08:00:00', '2017-04-12 16:00:00', NULL),
(627, 23, 'Hadir', '2017-04-13 08:00:00', '2017-04-13 16:00:00', NULL),
(628, 24, 'Alfa', '2017-04-13 00:00:00', '2017-04-13 00:00:00', NULL),
(629, 25, 'Hadir', '2017-04-13 08:00:00', '2017-04-13 16:00:00', NULL),
(630, 26, 'Hadir', '2017-04-13 08:00:00', '2017-04-13 16:00:00', NULL),
(631, 27, 'Hadir', '2017-04-13 08:00:00', '2017-04-13 16:00:00', NULL),
(632, 28, 'Alfa', '2017-04-13 00:00:00', '2017-04-13 00:00:00', NULL),
(633, 29, 'Hadir', '2017-04-13 08:00:00', '2017-04-13 16:00:00', NULL),
(634, 30, 'Hadir', '2017-04-13 08:00:00', '2017-04-13 16:00:00', NULL),
(635, 31, 'Hadir', '2017-04-13 08:00:00', '2017-04-13 16:00:00', NULL),
(636, 32, 'Hadir', '2017-04-13 08:00:00', '2017-04-13 16:00:00', NULL),
(637, 33, 'Alfa', '2017-04-13 00:00:00', '2017-04-13 00:00:00', NULL),
(638, 34, 'Hadir', '2017-04-13 08:00:00', '2017-04-13 16:00:00', NULL),
(639, 35, 'Hadir', '2017-04-13 08:00:00', '2017-04-13 16:00:00', NULL),
(640, 36, 'Hadir', '2017-04-13 08:00:00', '2017-04-13 16:00:00', NULL),
(641, 37, 'Alfa', '2017-04-13 00:00:00', '2017-04-13 00:00:00', NULL),
(642, 38, 'Hadir', '2017-04-13 08:00:00', '2017-04-13 16:00:00', NULL),
(643, 39, 'Alfa', '2017-04-13 00:00:00', '2017-04-13 00:00:00', NULL),
(644, 40, 'Hadir', '2017-04-13 08:00:00', '2017-04-13 16:00:00', NULL),
(645, 41, 'Hadir', '2017-04-13 08:00:00', '2017-04-13 16:00:00', NULL),
(646, 42, 'Alfa', '2017-04-13 00:00:00', '2017-04-13 00:00:00', NULL),
(647, 43, 'Hadir', '2017-04-13 08:00:00', '2017-04-13 16:00:00', NULL),
(648, 44, 'Hadir', '2017-04-13 08:00:00', '2017-04-13 16:00:00', NULL),
(649, 45, 'Hadir', '2017-04-13 08:00:00', '2017-04-13 16:00:00', NULL),
(650, 46, 'Hadir', '2017-04-13 08:00:00', '2017-04-13 16:00:00', NULL),
(651, 47, 'Hadir', '2017-04-13 08:00:00', '2017-04-13 16:00:00', NULL),
(652, 48, 'Alfa', '2017-04-13 00:00:00', '2017-04-13 00:00:00', NULL),
(653, 49, 'Hadir', '2017-04-13 08:00:00', '2017-04-13 16:00:00', NULL),
(654, 50, 'Hadir', '2017-04-13 08:00:00', '2017-04-13 16:00:00', NULL),
(655, 51, 'Hadir', '2017-04-13 08:00:00', '2017-04-13 16:00:00', NULL),
(656, 52, 'Hadir', '2017-04-13 08:00:00', '2017-04-13 16:00:00', NULL),
(657, 53, 'Alfa', '2017-04-13 00:00:00', '2017-04-13 00:00:00', NULL),
(658, 54, 'Hadir', '2017-04-13 08:00:00', '2017-04-13 16:00:00', NULL),
(659, 55, 'Hadir', '2017-04-13 08:00:00', '2017-04-13 16:00:00', NULL),
(660, 56, 'Hadir', '2017-04-13 08:00:00', '2017-04-13 16:00:00', NULL),
(661, 57, 'Alfa', '2017-04-13 00:00:00', '2017-04-13 00:00:00', NULL),
(662, 58, 'Hadir', '2017-04-13 08:00:00', '2017-04-13 16:00:00', NULL),
(663, 59, 'Hadir', '2017-04-13 08:00:00', '2017-04-13 16:00:00', NULL),
(664, 60, 'Hadir', '2017-04-13 08:00:00', '2017-04-13 16:00:00', NULL),
(665, 61, 'Hadir', '2017-04-13 08:00:00', '2017-04-13 16:00:00', NULL),
(666, 62, 'Alfa', '2017-04-13 00:00:00', '2017-04-13 00:00:00', NULL),
(667, 63, 'Hadir', '2017-04-13 00:00:00', '2017-04-13 00:00:00', NULL),
(668, 64, 'Hadir', '2017-04-13 08:00:00', '2017-04-13 16:00:00', NULL),
(669, 65, 'Hadir', '2017-04-13 08:00:00', '2017-04-13 16:00:00', NULL),
(670, 66, 'Hadir', '2017-04-13 08:00:00', '2017-04-13 16:00:00', NULL),
(671, 67, 'Hadir', '2017-04-13 00:00:00', '2017-04-13 00:00:00', NULL),
(672, 68, 'Hadir', '2017-04-13 08:00:00', '2017-04-13 16:00:00', NULL),
(673, 69, 'Hadir', '2017-04-13 08:00:00', '2017-04-13 16:00:00', NULL),
(674, 70, 'Alfa', '2017-04-13 00:00:00', '2017-04-13 00:00:00', NULL),
(819, 23, 'Hadir', '2017-04-17 08:00:00', '2017-04-17 16:00:00', NULL),
(820, 24, 'Hadir', '2017-04-17 08:00:00', '2017-04-17 16:00:00', NULL),
(821, 25, 'Hadir', '2017-04-17 08:00:00', '2017-04-17 16:00:00', NULL),
(822, 26, 'Hadir', '2017-04-17 08:00:00', '2017-04-17 16:00:00', NULL),
(823, 27, 'Hadir', '2017-04-17 08:00:00', '2017-04-17 16:00:00', NULL),
(824, 28, 'Hadir', '2017-04-17 08:00:00', '2017-04-17 16:00:00', NULL),
(825, 29, 'Hadir', '2017-04-17 08:00:00', '2017-04-17 16:00:00', NULL),
(826, 30, 'Hadir', '2017-04-17 08:00:00', '2017-04-17 16:00:00', NULL),
(827, 31, 'Hadir', '2017-04-17 08:00:00', '2017-04-17 16:00:00', NULL),
(828, 32, 'Hadir', '2017-04-17 08:00:00', '2017-04-17 16:00:00', NULL),
(829, 33, 'Hadir', '2017-04-17 08:00:00', '2017-04-17 16:00:00', NULL),
(830, 34, 'Hadir', '2017-04-17 08:00:00', '2017-04-17 16:00:00', NULL),
(831, 35, 'Hadir', '2017-04-17 08:00:00', '2017-04-17 16:00:00', NULL),
(832, 36, 'Hadir', '2017-04-17 08:00:00', '2017-04-17 16:00:00', NULL),
(833, 37, 'Hadir', '2017-04-17 08:00:00', '2017-04-17 16:00:00', NULL),
(834, 38, 'Hadir', '2017-04-17 08:00:00', '2017-04-17 16:00:00', NULL),
(835, 39, 'Hadir', '2017-04-17 08:00:00', '2017-04-17 16:00:00', NULL),
(836, 40, 'Hadir', '2017-04-17 08:00:00', '2017-04-17 16:00:00', NULL),
(837, 41, 'Hadir', '2017-04-17 08:00:00', '2017-04-17 16:00:00', NULL),
(838, 42, 'Hadir', '2017-04-17 08:00:00', '2017-04-17 16:00:00', NULL),
(839, 43, 'Hadir', '2017-04-17 08:00:00', '2017-04-17 16:00:00', NULL),
(840, 44, 'Hadir', '2017-04-17 08:00:00', '2017-04-17 16:00:00', NULL),
(841, 45, 'Hadir', '2017-04-17 08:00:00', '2017-04-17 16:00:00', NULL),
(842, 46, 'Hadir', '2017-04-17 08:00:00', '2017-04-17 16:00:00', NULL),
(843, 47, 'Hadir', '2017-04-17 08:00:00', '2017-04-17 16:00:00', NULL),
(844, 48, 'Hadir', '2017-04-17 08:00:00', '2017-04-17 16:00:00', NULL),
(845, 49, 'Hadir', '2017-04-17 08:00:00', '2017-04-17 16:00:00', NULL),
(846, 50, 'Hadir', '2017-04-17 08:00:00', '2017-04-17 16:00:00', NULL),
(847, 51, 'Hadir', '2017-04-17 08:00:00', '2017-04-17 16:00:00', NULL),
(848, 52, 'Hadir', '2017-04-17 08:00:00', '2017-04-17 16:00:00', NULL),
(849, 53, 'Hadir', '2017-04-17 08:00:00', '2017-04-17 16:00:00', NULL),
(850, 54, 'Hadir', '2017-04-17 08:00:00', '2017-04-17 16:00:00', NULL),
(851, 55, 'Hadir', '2017-04-17 08:25:00', '2017-04-17 16:00:00', NULL),
(852, 56, 'Hadir', '2017-04-17 08:00:00', '2017-04-17 16:00:00', NULL),
(853, 57, 'Hadir', '2017-04-17 08:00:00', '2017-04-17 16:00:00', NULL),
(854, 58, 'Hadir', '2017-04-17 08:10:00', '2017-04-17 16:00:00', NULL),
(855, 59, 'Hadir', '2017-04-17 08:00:00', '2017-04-17 16:00:00', NULL),
(856, 60, 'Hadir', '2017-04-17 08:00:00', '2017-04-17 16:00:00', NULL),
(857, 61, 'Hadir', '2017-04-17 08:00:00', '2017-04-17 16:00:00', NULL),
(858, 62, 'Hadir', '2017-04-17 08:00:00', '2017-04-17 16:00:00', NULL),
(859, 63, 'Hadir', '2017-04-17 08:00:00', '2017-04-17 16:00:00', NULL),
(860, 64, 'Hadir', '2017-04-17 08:00:00', '2017-04-17 16:00:00', NULL),
(861, 65, 'Hadir', '2017-04-17 08:00:00', '2017-04-17 16:00:00', NULL),
(862, 66, 'Hadir', '2017-04-17 08:00:00', '2017-04-17 16:00:00', NULL),
(863, 67, 'Hadir', '2017-04-17 08:00:00', '2017-04-17 16:00:00', NULL),
(864, 68, 'Hadir', '2017-04-17 08:00:00', '2017-04-17 16:00:00', NULL),
(865, 69, 'Hadir', '2017-04-17 08:17:00', '2017-04-17 16:00:00', NULL),
(866, 70, 'Hadir', '2017-04-17 08:00:00', '2017-04-17 16:00:00', NULL),
(867, 23, 'Hadir', '2017-04-18 08:00:00', '2017-04-18 16:00:00', NULL),
(868, 24, 'Hadir', '2017-04-18 08:00:00', '2017-04-18 16:00:00', NULL),
(869, 25, 'Hadir', '2017-04-18 08:00:00', '2017-04-18 16:00:00', NULL),
(870, 26, 'Hadir', '2017-04-18 08:00:00', '2017-04-18 16:00:00', NULL),
(871, 27, 'Hadir', '2017-04-18 08:00:00', '2017-04-18 16:00:00', NULL),
(872, 28, 'Hadir', '2017-04-18 08:00:00', '2017-04-18 16:00:00', NULL),
(873, 29, 'Hadir', '2017-04-18 08:00:00', '2017-04-18 16:00:00', NULL),
(874, 30, 'Hadir', '2017-04-18 08:00:00', '2017-04-18 16:00:00', NULL),
(875, 31, 'Hadir', '2017-04-18 08:00:00', '2017-04-18 16:00:00', NULL),
(876, 32, 'Hadir', '2017-04-18 08:00:00', '2017-04-18 16:00:00', NULL),
(877, 33, 'Hadir', '2017-04-18 08:07:00', '2017-04-18 16:00:00', NULL),
(878, 34, 'Hadir', '2017-04-18 08:00:00', '2017-04-18 16:00:00', NULL),
(879, 35, 'Hadir', '2017-04-18 08:00:00', '2017-04-18 16:00:00', NULL),
(880, 36, 'Hadir', '2017-04-18 08:00:00', '2017-04-18 16:00:00', NULL),
(881, 37, 'Hadir', '2017-04-18 08:00:00', '2017-04-18 16:00:00', NULL),
(882, 38, 'Hadir', '2017-04-18 08:00:00', '2017-04-18 16:00:00', NULL),
(883, 39, 'Hadir', '2017-04-18 08:00:00', '2017-04-18 16:00:00', NULL),
(884, 40, 'Hadir', '2017-04-18 08:00:00', '2017-04-18 16:00:00', NULL),
(885, 41, 'Hadir', '2017-04-18 08:00:00', '2017-04-18 16:00:00', NULL),
(886, 42, 'Hadir', '2017-04-18 08:00:00', '2017-04-18 16:00:00', NULL),
(887, 43, 'Hadir', '2017-04-18 08:00:00', '2017-04-18 16:00:00', NULL),
(888, 44, 'Hadir', '2017-04-18 08:00:00', '2017-04-18 16:00:00', NULL),
(889, 45, 'Hadir', '2017-04-18 08:00:00', '2017-04-18 16:00:00', NULL),
(890, 46, 'Hadir', '2017-04-18 08:00:00', '2017-04-18 16:00:00', NULL),
(891, 47, 'Hadir', '2017-04-18 08:00:00', '2017-04-18 16:00:00', NULL),
(892, 48, 'Hadir', '2017-04-18 08:00:00', '2017-04-18 16:00:00', NULL),
(893, 49, 'Hadir', '2017-04-18 08:00:00', '2017-04-18 16:00:00', NULL),
(894, 50, 'Hadir', '2017-04-18 08:00:00', '2017-04-18 16:00:00', NULL),
(895, 51, 'Hadir', '2017-04-18 08:00:00', '2017-04-18 16:00:00', NULL),
(896, 52, 'Hadir', '2017-04-18 08:00:00', '2017-04-18 16:00:00', NULL),
(897, 53, 'Hadir', '2017-04-18 08:00:00', '2017-04-18 16:00:00', NULL),
(898, 54, 'Hadir', '2017-04-18 08:00:00', '2017-04-18 16:00:00', NULL),
(899, 55, 'Hadir', '2017-04-18 08:00:00', '2017-04-18 16:00:00', NULL),
(900, 56, 'Hadir', '2017-04-18 08:00:00', '2017-04-18 16:00:00', NULL),
(901, 57, 'Hadir', '2017-04-18 08:00:00', '2017-04-18 16:00:00', NULL),
(902, 58, 'Hadir', '2017-04-18 08:00:00', '2017-04-18 16:00:00', NULL),
(903, 59, 'Hadir', '2017-04-18 08:00:00', '2017-04-18 16:00:00', NULL),
(904, 60, 'Hadir', '2017-04-18 08:00:00', '2017-04-18 16:00:00', NULL),
(905, 61, 'Hadir', '2017-04-18 08:00:00', '2017-04-18 16:00:00', NULL),
(906, 62, 'Hadir', '2017-04-18 08:00:00', '2017-04-18 16:00:00', NULL),
(907, 63, 'Hadir', '2017-04-18 08:00:00', '2017-04-18 16:00:00', NULL),
(908, 64, 'Hadir', '2017-04-18 08:00:00', '2017-04-18 16:00:00', NULL),
(909, 65, 'Hadir', '2017-04-18 08:00:00', '2017-04-18 16:00:00', NULL),
(910, 66, 'Hadir', '2017-04-18 08:00:00', '2017-04-18 16:00:00', NULL),
(911, 67, 'Hadir', '2017-04-18 08:00:00', '2017-04-18 16:00:00', NULL),
(912, 68, 'Hadir', '2017-04-18 08:00:00', '2017-04-18 16:00:00', NULL),
(913, 69, 'Hadir', '2017-04-18 08:00:00', '2017-04-18 16:00:00', NULL),
(914, 70, 'Hadir', '2017-04-18 08:00:00', '2017-04-18 16:00:00', NULL),
(915, 23, 'Hadir', '2017-04-19 08:00:00', '2017-04-19 16:00:00', NULL),
(916, 24, 'Hadir', '2017-04-19 08:00:00', '2017-04-19 16:00:00', NULL),
(917, 25, 'Hadir', '2017-04-19 08:00:00', '2017-04-19 16:00:00', NULL),
(918, 26, 'Hadir', '2017-04-19 08:00:00', '2017-04-19 16:00:00', NULL),
(919, 27, 'Hadir', '2017-04-19 08:00:00', '2017-04-19 16:00:00', NULL),
(920, 28, 'Hadir', '2017-04-19 08:00:00', '2017-04-19 16:00:00', NULL),
(921, 29, 'Hadir', '2017-04-19 08:00:00', '2017-04-19 16:00:00', NULL),
(922, 30, 'Hadir', '2017-04-19 08:00:00', '2017-04-19 16:00:00', NULL),
(923, 31, 'Hadir', '2017-04-19 08:00:00', '2017-04-19 16:00:00', NULL),
(924, 32, 'Hadir', '2017-04-19 08:00:00', '2017-04-19 16:00:00', NULL),
(925, 33, 'Hadir', '2017-04-19 08:00:00', '2017-04-19 16:00:00', NULL),
(926, 34, 'Hadir', '2017-04-19 08:00:00', '2017-04-19 16:00:00', NULL),
(927, 35, 'Hadir', '2017-04-19 08:00:00', '2017-04-19 16:00:00', NULL),
(928, 36, 'Hadir', '2017-04-19 08:00:00', '2017-04-19 16:00:00', NULL),
(929, 37, 'Hadir', '2017-04-19 08:00:00', '2017-04-19 16:00:00', NULL),
(930, 38, 'Hadir', '2017-04-19 08:00:00', '2017-04-19 16:00:00', NULL),
(931, 39, 'Hadir', '2017-04-19 08:00:00', '2017-04-19 16:00:00', NULL),
(932, 40, 'Hadir', '2017-04-19 08:00:00', '2017-04-19 16:00:00', NULL),
(933, 41, 'Hadir', '2017-04-19 08:00:00', '2017-04-19 16:00:00', NULL),
(934, 42, 'Hadir', '2017-04-19 08:00:00', '2017-04-19 16:00:00', NULL),
(935, 43, 'Hadir', '2017-04-19 08:00:00', '2017-04-19 16:00:00', NULL),
(936, 44, 'Hadir', '2017-04-19 08:00:00', '2017-04-19 16:00:00', NULL),
(937, 45, 'Hadir', '2017-04-19 08:00:00', '2017-04-19 16:00:00', NULL),
(938, 46, 'Hadir', '2017-04-19 08:00:00', '2017-04-19 16:00:00', NULL),
(939, 47, 'Hadir', '2017-04-19 08:00:00', '2017-04-19 16:00:00', NULL),
(940, 48, 'Hadir', '2017-04-19 08:00:00', '2017-04-19 16:00:00', NULL),
(941, 49, 'Hadir', '2017-04-19 08:00:00', '2017-04-19 16:00:00', NULL),
(942, 50, 'Hadir', '2017-04-19 08:00:00', '2017-04-19 16:00:00', NULL),
(943, 51, 'Hadir', '2017-04-19 08:00:00', '2017-04-19 16:00:00', NULL),
(944, 52, 'Hadir', '2017-04-19 08:00:00', '2017-04-19 16:00:00', NULL),
(945, 53, 'Hadir', '2017-04-19 08:00:00', '2017-04-19 16:00:00', NULL),
(946, 54, 'Hadir', '2017-04-19 08:00:00', '2017-04-19 16:00:00', NULL),
(947, 55, 'Hadir', '2017-04-19 08:00:00', '2017-04-19 16:00:00', NULL),
(948, 56, 'Hadir', '2017-04-19 08:00:00', '2017-04-19 16:00:00', NULL),
(949, 57, 'Hadir', '2017-04-19 08:00:00', '2017-04-19 16:00:00', NULL),
(950, 58, 'Hadir', '2017-04-19 08:00:00', '2017-04-19 16:00:00', NULL),
(951, 59, 'Hadir', '2017-04-19 08:00:00', '2017-04-19 16:00:00', NULL),
(952, 60, 'Hadir', '2017-04-19 08:00:00', '2017-04-19 16:00:00', NULL),
(953, 61, 'Hadir', '2017-04-19 08:00:00', '2017-04-19 16:00:00', NULL),
(954, 62, 'Hadir', '2017-04-19 08:00:00', '2017-04-19 16:00:00', NULL),
(955, 63, 'Hadir', '2017-04-19 08:00:00', '2017-04-19 16:00:00', NULL),
(956, 64, 'Hadir', '2017-04-19 08:00:00', '2017-04-19 16:00:00', NULL),
(957, 65, 'Hadir', '2017-04-19 08:00:00', '2017-04-19 16:00:00', NULL),
(958, 66, 'Hadir', '2017-04-19 08:00:00', '2017-04-19 16:00:00', NULL),
(959, 67, 'Hadir', '2017-04-19 08:00:00', '2017-04-19 16:00:00', NULL),
(960, 68, 'Hadir', '2017-04-19 08:00:00', '2017-04-19 16:00:00', NULL),
(961, 69, 'Hadir', '2017-04-19 08:00:00', '2017-04-19 16:00:00', NULL),
(962, 70, 'Hadir', '2017-04-19 08:00:00', '2017-04-19 16:00:00', NULL),
(963, 23, 'Hadir', '2017-04-20 08:00:00', '2017-04-20 16:00:00', NULL),
(964, 24, 'Hadir', '2017-04-20 08:00:00', '2017-04-20 16:00:00', NULL),
(965, 25, 'Hadir', '2017-04-20 08:00:00', '2017-04-20 16:00:00', NULL),
(966, 26, 'Hadir', '2017-04-20 08:00:00', '2017-04-20 16:00:00', NULL),
(967, 27, 'Hadir', '2017-04-20 08:00:00', '2017-04-20 16:00:00', NULL),
(968, 28, 'Hadir', '2017-04-20 08:00:00', '2017-04-20 16:00:00', NULL),
(969, 29, 'Hadir', '2017-04-20 08:00:00', '2017-04-20 16:00:00', NULL),
(970, 30, 'Hadir', '2017-04-20 08:00:00', '2017-04-20 16:00:00', NULL),
(971, 31, 'Hadir', '2017-04-20 08:00:00', '2017-04-20 16:00:00', NULL),
(972, 32, 'Hadir', '2017-04-20 08:00:00', '2017-04-20 16:00:00', NULL),
(973, 33, 'Hadir', '2017-04-20 08:00:00', '2017-04-20 16:00:00', NULL),
(974, 34, 'Hadir', '2017-04-20 08:00:00', '2017-04-20 16:00:00', NULL),
(975, 35, 'Hadir', '2017-04-20 08:00:00', '2017-04-20 16:00:00', NULL),
(976, 36, 'Hadir', '2017-04-20 08:00:00', '2017-04-20 16:00:00', NULL),
(977, 37, 'Hadir', '2017-04-20 08:00:00', '2017-04-20 16:00:00', NULL),
(978, 38, 'Hadir', '2017-04-20 08:00:00', '2017-04-20 16:00:00', NULL),
(979, 39, 'Hadir', '2017-04-20 08:00:00', '2017-04-20 16:00:00', NULL),
(980, 40, 'Hadir', '2017-04-20 08:00:00', '2017-04-20 16:00:00', NULL),
(981, 41, 'Hadir', '2017-04-20 08:00:00', '2017-04-20 16:00:00', NULL),
(982, 42, 'Hadir', '2017-04-20 08:00:00', '2017-04-20 16:00:00', NULL),
(983, 43, 'Hadir', '2017-04-20 08:00:00', '2017-04-20 16:00:00', NULL),
(984, 44, 'Hadir', '2017-04-20 08:00:00', '2017-04-20 16:00:00', NULL),
(985, 45, 'Hadir', '2017-04-20 08:00:00', '2017-04-20 16:00:00', NULL),
(986, 46, 'Hadir', '2017-04-20 08:00:00', '2017-04-20 16:00:00', NULL),
(987, 47, 'Hadir', '2017-04-20 08:00:00', '2017-04-20 16:00:00', NULL),
(988, 48, 'Hadir', '2017-04-20 08:00:00', '2017-04-20 16:00:00', NULL),
(989, 49, 'Hadir', '2017-04-20 08:00:00', '2017-04-20 16:00:00', NULL),
(990, 50, 'Hadir', '2017-04-20 08:00:00', '2017-04-20 16:00:00', NULL),
(991, 51, 'Hadir', '2017-04-20 08:00:00', '2017-04-20 16:00:00', NULL),
(992, 52, 'Hadir', '2017-04-20 08:00:00', '2017-04-20 16:00:00', NULL),
(993, 53, 'Hadir', '2017-04-20 08:00:00', '2017-04-20 16:00:00', NULL),
(994, 54, 'Hadir', '2017-04-20 08:00:00', '2017-04-20 16:00:00', NULL),
(995, 55, 'Hadir', '2017-04-20 08:00:00', '2017-04-20 16:00:00', NULL),
(996, 56, 'Hadir', '2017-04-20 08:00:00', '2017-04-20 16:00:00', NULL),
(997, 57, 'Hadir', '2017-04-20 08:00:00', '2017-04-20 16:00:00', NULL),
(998, 58, 'Hadir', '2017-04-20 08:00:00', '2017-04-20 16:00:00', NULL),
(999, 59, 'Hadir', '2017-04-20 08:00:00', '2017-04-20 16:00:00', NULL),
(1000, 60, 'Hadir', '2017-04-20 08:00:00', '2017-04-20 16:00:00', NULL),
(1001, 61, 'Hadir', '2017-04-20 08:00:00', '2017-04-20 16:00:00', NULL),
(1002, 62, 'Hadir', '2017-04-20 08:00:00', '2017-04-20 16:00:00', NULL),
(1003, 63, 'Hadir', '2017-04-20 08:00:00', '2017-04-20 16:00:00', NULL),
(1004, 64, 'Hadir', '2017-04-20 08:00:00', '2017-04-20 16:00:00', NULL),
(1005, 65, 'Hadir', '2017-04-20 08:00:00', '2017-04-20 16:00:00', NULL),
(1006, 66, 'Hadir', '2017-04-20 08:00:00', '2017-04-20 16:00:00', NULL),
(1007, 67, 'Hadir', '2017-04-20 08:00:00', '2017-04-20 16:00:00', NULL),
(1008, 68, 'Hadir', '2017-04-20 08:00:00', '2017-04-20 16:00:00', NULL),
(1009, 69, 'Hadir', '2017-04-20 08:00:00', '2017-04-20 16:00:00', NULL),
(1010, 70, 'Hadir', '2017-04-20 08:00:00', '2017-04-20 16:00:00', NULL),
(1011, 23, 'Hadir', '2017-04-21 08:00:00', '2017-04-21 16:00:00', NULL),
(1012, 24, 'Hadir', '2017-04-21 08:00:00', '2017-04-21 16:00:00', NULL),
(1013, 25, 'Hadir', '2017-04-21 08:00:00', '2017-04-21 16:00:00', NULL),
(1014, 26, 'Hadir', '2017-04-21 08:00:00', '2017-04-21 16:00:00', NULL),
(1015, 27, 'Hadir', '2017-04-21 08:00:00', '2017-04-21 16:00:00', NULL),
(1016, 28, 'Hadir', '2017-04-21 08:00:00', '2017-04-21 16:00:00', NULL),
(1017, 29, 'Hadir', '2017-04-21 08:00:00', '2017-04-21 16:00:00', NULL),
(1018, 30, 'Hadir', '2017-04-21 08:00:00', '2017-04-21 16:00:00', NULL),
(1019, 31, 'Hadir', '2017-04-21 08:00:00', '2017-04-21 16:00:00', NULL),
(1020, 32, 'Hadir', '2017-04-21 08:00:00', '2017-04-21 16:00:00', NULL),
(1021, 33, 'Hadir', '2017-04-21 08:00:00', '2017-04-21 16:00:00', NULL),
(1022, 34, 'Hadir', '2017-04-21 08:00:00', '2017-04-21 16:00:00', NULL),
(1023, 35, 'Hadir', '2017-04-21 08:00:00', '2017-04-21 16:00:00', NULL),
(1024, 36, 'Hadir', '2017-04-21 08:00:00', '2017-04-21 16:00:00', NULL),
(1025, 37, 'Hadir', '2017-04-21 08:00:00', '2017-04-21 16:00:00', NULL),
(1026, 38, 'Hadir', '2017-04-21 08:00:00', '2017-04-21 16:00:00', NULL),
(1027, 39, 'Hadir', '2017-04-21 08:00:00', '2017-04-21 16:00:00', NULL),
(1028, 40, 'Hadir', '2017-04-21 08:00:00', '2017-04-21 16:00:00', NULL),
(1029, 41, 'Hadir', '2017-04-21 08:00:00', '2017-04-21 16:00:00', NULL),
(1030, 42, 'Hadir', '2017-04-21 08:00:00', '2017-04-21 16:00:00', NULL),
(1031, 43, 'Hadir', '2017-04-21 08:00:00', '2017-04-21 16:00:00', NULL),
(1032, 44, 'Hadir', '2017-04-21 08:00:00', '2017-04-21 16:00:00', NULL),
(1033, 45, 'Hadir', '2017-04-21 08:00:00', '2017-04-21 16:00:00', NULL),
(1034, 46, 'Hadir', '2017-04-21 08:00:00', '2017-04-21 16:00:00', NULL),
(1035, 47, 'Hadir', '2017-04-21 08:00:00', '2017-04-21 16:00:00', NULL),
(1036, 48, 'Hadir', '2017-04-21 08:00:00', '2017-04-21 16:00:00', NULL),
(1037, 49, 'Hadir', '2017-04-21 08:00:00', '2017-04-21 16:00:00', NULL),
(1038, 50, 'Hadir', '2017-04-21 08:00:00', '2017-04-21 16:00:00', NULL),
(1039, 51, 'Hadir', '2017-04-21 08:00:00', '2017-04-21 16:00:00', NULL),
(1040, 52, 'Hadir', '2017-04-21 08:00:00', '2017-04-21 16:00:00', NULL),
(1041, 53, 'Hadir', '2017-04-21 08:00:00', '2017-04-21 16:00:00', NULL),
(1042, 54, 'Hadir', '2017-04-21 08:00:00', '2017-04-21 16:00:00', NULL),
(1043, 55, 'Hadir', '2017-04-21 08:00:00', '2017-04-21 16:00:00', NULL),
(1044, 56, 'Hadir', '2017-04-21 08:00:00', '2017-04-21 16:00:00', NULL),
(1045, 57, 'Hadir', '2017-04-21 08:00:00', '2017-04-21 16:00:00', NULL),
(1046, 58, 'Hadir', '2017-04-21 08:00:00', '2017-04-21 16:00:00', NULL),
(1047, 59, 'Hadir', '2017-04-21 08:00:00', '2017-04-21 16:00:00', NULL),
(1048, 60, 'Hadir', '2017-04-21 08:00:00', '2017-04-21 16:00:00', NULL),
(1049, 61, 'Hadir', '2017-04-21 08:00:00', '2017-04-21 16:00:00', NULL),
(1050, 62, 'Hadir', '2017-04-21 08:00:00', '2017-04-21 16:00:00', NULL),
(1051, 63, 'Hadir', '2017-04-21 08:00:00', '2017-04-21 16:00:00', NULL);
INSERT INTO `data_absensi` (`id`, `nip`, `keterangan`, `waktu_masuk`, `waktu_keluar`, `denda`) VALUES
(1052, 64, 'Hadir', '2017-04-21 08:00:00', '2017-04-21 16:00:00', NULL),
(1053, 65, 'Hadir', '2017-04-21 08:00:00', '2017-04-21 16:00:00', NULL),
(1054, 66, 'Hadir', '2017-04-21 08:00:00', '2017-04-21 16:00:00', NULL),
(1055, 67, 'Hadir', '2017-04-21 08:00:00', '2017-04-21 16:00:00', NULL),
(1056, 68, 'Hadir', '2017-04-21 08:00:00', '2017-04-21 16:00:00', NULL),
(1057, 69, 'Hadir', '2017-04-21 08:00:00', '2017-04-21 16:00:00', NULL),
(1058, 70, 'Hadir', '2017-04-21 08:00:00', '2017-04-21 16:00:00', NULL),
(1203, 23, 'Hadir', '2017-04-25 08:00:00', '2017-04-25 16:00:00', NULL),
(1204, 24, 'Hadir', '2017-04-25 08:00:00', '2017-04-25 16:00:00', NULL),
(1205, 25, 'Hadir', '2017-04-25 08:00:00', '2017-04-25 16:00:00', NULL),
(1206, 26, 'Hadir', '2017-04-25 08:00:00', '2017-04-25 21:00:00', NULL),
(1207, 27, 'Hadir', '2017-04-25 08:00:00', '2017-04-25 16:00:00', NULL),
(1208, 28, 'Hadir', '2017-04-25 08:00:00', '2017-04-25 16:00:00', NULL),
(1209, 29, 'Hadir', '2017-04-25 08:00:00', '2017-04-25 16:00:00', NULL),
(1210, 30, 'Hadir', '2017-04-25 08:00:00', '2017-04-25 16:00:00', NULL),
(1211, 31, 'Hadir', '2017-04-25 08:00:00', '2017-04-25 16:00:00', NULL),
(1212, 32, 'Hadir', '2017-04-25 08:00:00', '2017-04-25 16:00:00', NULL),
(1213, 33, 'Hadir', '2017-04-25 08:00:00', '2017-04-25 16:00:00', NULL),
(1214, 34, 'Hadir', '2017-04-25 08:00:00', '2017-04-25 16:00:00', NULL),
(1215, 35, 'Hadir', '2017-04-25 08:00:00', '2017-04-25 16:00:00', NULL),
(1216, 36, 'Hadir', '2017-04-25 08:00:00', '2017-04-25 16:00:00', NULL),
(1217, 37, 'Hadir', '2017-04-25 08:00:00', '2017-04-25 16:00:00', NULL),
(1218, 38, 'Hadir', '2017-04-25 08:00:00', '2017-04-25 16:00:00', NULL),
(1219, 39, 'Hadir', '2017-04-25 08:00:00', '2017-04-25 16:00:00', NULL),
(1220, 40, 'Hadir', '2017-04-25 08:00:00', '2017-04-25 16:00:00', NULL),
(1221, 41, 'Hadir', '2017-04-25 08:00:00', '2017-04-25 16:00:00', NULL),
(1222, 42, 'Hadir', '2017-04-25 08:00:00', '2017-04-25 16:00:00', NULL),
(1223, 43, 'Hadir', '2017-04-25 08:00:00', '2017-04-25 16:00:00', NULL),
(1224, 44, 'Hadir', '2017-04-25 08:00:00', '2017-04-25 16:00:00', NULL),
(1225, 45, 'Hadir', '2017-04-25 08:00:00', '2017-04-25 16:00:00', NULL),
(1226, 46, 'Hadir', '2017-04-25 08:00:00', '2017-04-25 16:00:00', NULL),
(1227, 47, 'Hadir', '2017-04-25 08:00:00', '2017-04-25 16:00:00', NULL),
(1228, 48, 'Hadir', '2017-04-25 08:00:00', '2017-04-25 16:00:00', NULL),
(1229, 49, 'Hadir', '2017-04-25 08:00:00', '2017-04-25 16:00:00', NULL),
(1230, 50, 'Hadir', '2017-04-25 08:00:00', '2017-04-25 22:00:00', NULL),
(1231, 51, 'Hadir', '2017-04-25 08:00:00', '2017-04-25 16:00:00', NULL),
(1232, 52, 'Hadir', '2017-04-25 08:00:00', '2017-04-25 16:00:00', NULL),
(1233, 53, 'Hadir', '2017-04-25 08:00:00', '2017-04-25 16:00:00', NULL),
(1234, 54, 'Hadir', '2017-04-25 08:00:00', '2017-04-25 16:00:00', NULL),
(1235, 55, 'Hadir', '2017-04-25 08:00:00', '2017-04-25 16:00:00', NULL),
(1236, 56, 'Hadir', '2017-04-25 08:00:00', '2017-04-25 16:00:00', NULL),
(1237, 57, 'Hadir', '2017-04-25 08:00:00', '2017-04-25 16:00:00', NULL),
(1238, 58, 'Hadir', '2017-04-25 08:00:00', '2017-04-25 16:00:00', NULL),
(1239, 59, 'Hadir', '2017-04-25 08:00:00', '2017-04-25 16:00:00', NULL),
(1240, 60, 'Hadir', '2017-04-25 08:00:00', '2017-04-25 16:00:00', NULL),
(1241, 61, 'Hadir', '2017-04-25 08:00:00', '2017-04-25 16:00:00', NULL),
(1242, 62, 'Hadir', '2017-04-25 08:00:00', '2017-04-25 16:00:00', NULL),
(1243, 63, 'Hadir', '2017-04-25 08:00:00', '2017-04-25 16:00:00', NULL),
(1244, 64, 'Hadir', '2017-04-25 08:00:00', '2017-04-25 16:00:00', NULL),
(1245, 65, 'Hadir', '2017-04-25 08:00:00', '2017-04-25 16:00:00', NULL),
(1246, 66, 'Hadir', '2017-04-25 08:00:00', '2017-04-25 16:00:00', NULL),
(1247, 67, 'Hadir', '2017-04-25 08:00:00', '2017-04-25 16:00:00', NULL),
(1248, 68, 'Hadir', '2017-04-25 08:00:00', '2017-04-25 16:00:00', NULL),
(1249, 69, 'Hadir', '2017-04-25 08:00:00', '2017-04-25 16:00:00', NULL),
(1250, 70, 'Hadir', '2017-04-25 08:00:00', '2017-04-25 16:00:00', NULL),
(1251, 23, 'Hadir', '2017-05-01 08:00:00', '2017-05-01 16:00:00', NULL),
(1252, 24, 'Hadir', '2017-05-01 08:00:00', '2017-05-01 16:00:00', NULL),
(1253, 25, 'Hadir', '2017-05-01 08:00:00', '2017-05-01 16:00:00', NULL),
(1254, 26, 'Hadir', '2017-05-01 08:00:00', '2017-05-01 16:00:00', NULL),
(1255, 27, 'Hadir', '2017-05-01 08:00:00', '2017-05-01 16:00:00', NULL),
(1256, 28, 'Hadir', '2017-05-01 08:00:00', '2017-05-01 16:00:00', NULL),
(1257, 29, 'Hadir', '2017-05-01 08:00:00', '2017-05-01 16:00:00', NULL),
(1258, 30, 'Hadir', '2017-05-01 08:00:00', '2017-05-01 16:00:00', NULL),
(1259, 31, 'Hadir', '2017-05-01 08:00:00', '2017-05-01 16:00:00', NULL),
(1260, 32, 'Hadir', '2017-05-01 08:00:00', '2017-05-01 16:00:00', NULL),
(1261, 33, 'Hadir', '2017-05-01 08:00:00', '2017-05-01 16:00:00', NULL),
(1262, 34, 'Hadir', '2017-05-01 08:00:00', '2017-05-01 16:00:00', NULL),
(1263, 35, 'Hadir', '2017-05-01 08:00:00', '2017-05-01 16:00:00', NULL),
(1264, 36, 'Hadir', '2017-05-01 08:00:00', '2017-05-01 16:00:00', NULL),
(1265, 37, 'Hadir', '2017-05-01 08:00:00', '2017-05-01 16:00:00', NULL),
(1266, 38, 'Hadir', '2017-05-01 08:00:00', '2017-05-01 16:00:00', NULL),
(1267, 39, 'Hadir', '2017-05-01 08:00:00', '2017-05-01 16:00:00', NULL),
(1268, 40, 'Hadir', '2017-05-01 08:00:00', '2017-05-01 16:00:00', NULL),
(1269, 41, 'Hadir', '2017-05-01 08:00:00', '2017-05-01 16:00:00', NULL),
(1270, 42, 'Hadir', '2017-05-01 08:00:00', '2017-05-01 16:00:00', NULL),
(1271, 43, 'Hadir', '2017-05-01 08:00:00', '2017-05-01 16:00:00', NULL),
(1272, 44, 'Hadir', '2017-05-01 08:00:00', '2017-05-01 16:00:00', NULL),
(1273, 45, 'Hadir', '2017-05-01 08:00:00', '2017-05-01 16:00:00', NULL),
(1274, 46, 'Hadir', '2017-05-01 08:00:00', '2017-05-01 16:00:00', NULL),
(1275, 47, 'Hadir', '2017-05-01 08:00:00', '2017-05-01 16:00:00', NULL),
(1276, 48, 'Hadir', '2017-05-01 08:00:00', '2017-05-01 16:00:00', NULL),
(1277, 49, 'Hadir', '2017-05-01 08:00:00', '2017-05-01 16:00:00', NULL),
(1278, 50, 'Hadir', '2017-05-01 08:00:00', '2017-05-01 16:00:00', NULL),
(1279, 51, 'Hadir', '2017-05-01 08:00:00', '2017-05-01 16:00:00', NULL),
(1280, 52, 'Hadir', '2017-05-01 08:00:00', '2017-05-01 16:00:00', NULL),
(1281, 53, 'Hadir', '2017-05-01 08:00:00', '2017-05-01 16:00:00', NULL),
(1282, 54, 'Hadir', '2017-05-01 08:00:00', '2017-05-01 16:00:00', NULL),
(1283, 55, 'Hadir', '2017-05-01 08:00:00', '2017-05-01 16:00:00', NULL),
(1284, 56, 'Hadir', '2017-05-01 08:00:00', '2017-05-01 16:00:00', NULL),
(1285, 57, 'Hadir', '2017-05-01 08:00:00', '2017-05-01 16:00:00', NULL),
(1286, 58, 'Hadir', '2017-05-01 08:00:00', '2017-05-01 16:00:00', NULL),
(1287, 59, 'Hadir', '2017-05-01 08:00:00', '2017-05-01 16:00:00', NULL),
(1288, 60, 'Hadir', '2017-05-01 08:00:00', '2017-05-01 16:00:00', NULL),
(1289, 61, 'Hadir', '2017-05-01 08:00:00', '2017-05-01 16:00:00', NULL),
(1290, 62, 'Hadir', '2017-05-01 08:00:00', '2017-05-01 16:00:00', NULL),
(1291, 63, 'Hadir', '2017-05-01 08:00:00', '2017-05-01 16:00:00', NULL),
(1292, 64, 'Hadir', '2017-05-01 08:00:00', '2017-05-01 16:00:00', NULL),
(1293, 65, 'Hadir', '2017-05-01 08:00:00', '2017-05-01 16:00:00', NULL),
(1294, 66, 'Hadir', '2017-05-01 08:00:00', '2017-05-01 16:00:00', NULL),
(1295, 67, 'Hadir', '2017-05-01 08:00:00', '2017-05-01 16:00:00', NULL),
(1296, 68, 'Hadir', '2017-05-01 08:00:00', '2017-05-01 16:00:00', NULL),
(1297, 69, 'Hadir', '2017-05-01 08:00:00', '2017-05-01 16:00:00', NULL),
(1298, 70, 'Hadir', '2017-05-01 08:00:00', '2017-05-01 16:00:00', NULL),
(1299, 23, 'Hadir', '2017-05-02 08:00:00', '2017-05-02 16:00:00', NULL),
(1300, 24, 'Hadir', '2017-05-02 08:00:00', '2017-05-02 16:00:00', NULL),
(1301, 25, 'Hadir', '2017-05-02 08:00:00', '2017-05-02 16:00:00', NULL),
(1302, 26, 'Hadir', '2017-05-02 08:00:00', '2017-05-02 16:00:00', NULL),
(1303, 27, 'Hadir', '2017-05-02 08:00:00', '2017-05-02 16:00:00', NULL),
(1304, 28, 'Hadir', '2017-05-02 08:00:00', '2017-05-02 16:00:00', NULL),
(1305, 29, 'Hadir', '2017-05-02 08:00:00', '2017-05-02 16:00:00', NULL),
(1306, 30, 'Hadir', '2017-05-02 08:00:00', '2017-05-02 16:00:00', NULL),
(1307, 31, 'Hadir', '2017-05-02 08:00:00', '2017-05-02 16:00:00', NULL),
(1308, 32, 'Hadir', '2017-05-02 08:00:00', '2017-05-02 16:00:00', NULL),
(1309, 33, 'Hadir', '2017-05-02 08:00:00', '2017-05-02 16:00:00', NULL),
(1310, 34, 'Hadir', '2017-05-02 08:00:00', '2017-05-02 16:00:00', NULL),
(1311, 35, 'Hadir', '2017-05-02 08:00:00', '2017-05-02 16:00:00', NULL),
(1312, 36, 'Alfa', '2017-05-02 00:00:00', '2017-05-02 00:00:00', NULL),
(1313, 37, 'Hadir', '2017-05-02 08:00:00', '2017-05-02 16:00:00', NULL),
(1314, 38, 'Hadir', '2017-05-02 08:00:00', '2017-05-02 16:00:00', NULL),
(1315, 39, 'Hadir', '2017-05-02 08:00:00', '2017-05-02 16:00:00', NULL),
(1316, 40, 'Hadir', '2017-05-02 08:00:00', '2017-05-02 16:00:00', NULL),
(1317, 41, 'Hadir', '2017-05-02 08:00:00', '2017-05-02 16:00:00', NULL),
(1318, 42, 'Hadir', '2017-05-02 08:00:00', '2017-05-02 16:00:00', NULL),
(1319, 43, 'Hadir', '2017-05-02 08:00:00', '2017-05-02 16:00:00', NULL),
(1320, 44, 'Hadir', '2017-05-02 08:00:00', '2017-05-02 16:00:00', NULL),
(1321, 45, 'Hadir', '2017-05-02 08:00:00', '2017-05-02 16:00:00', NULL),
(1322, 46, 'Hadir', '2017-05-02 08:00:00', '2017-05-02 16:00:00', NULL),
(1323, 47, 'Hadir', '2017-05-02 08:00:00', '2017-05-02 16:00:00', NULL),
(1324, 48, 'Hadir', '2017-05-02 08:00:00', '2017-05-02 16:00:00', NULL),
(1325, 49, 'Hadir', '2017-05-02 08:00:00', '2017-05-02 16:00:00', NULL),
(1326, 50, 'Hadir', '2017-05-02 08:00:00', '2017-05-02 16:00:00', NULL),
(1327, 51, 'Hadir', '2017-05-02 08:00:00', '2017-05-02 16:00:00', NULL),
(1328, 52, 'Hadir', '2017-05-02 08:00:00', '2017-05-02 16:00:00', NULL),
(1329, 53, 'Hadir', '2017-05-02 08:00:00', '2017-05-02 16:00:00', NULL),
(1330, 54, 'Hadir', '2017-05-02 08:00:00', '2017-05-02 16:00:00', NULL),
(1331, 55, 'Hadir', '2017-05-02 08:00:00', '2017-05-02 16:00:00', NULL),
(1332, 56, 'Hadir', '2017-05-02 08:00:00', '2017-05-02 16:00:00', NULL),
(1333, 57, 'Hadir', '2017-05-02 08:00:00', '2017-05-02 16:00:00', NULL),
(1334, 58, 'Hadir', '2017-05-02 08:00:00', '2017-05-02 16:00:00', NULL),
(1335, 59, 'Hadir', '2017-05-02 08:00:00', '2017-05-02 16:00:00', NULL),
(1336, 60, 'Hadir', '2017-05-02 08:00:00', '2017-05-02 16:00:00', NULL),
(1337, 61, 'Hadir', '2017-05-02 08:00:00', '2017-05-02 16:00:00', NULL),
(1338, 62, 'Hadir', '2017-05-02 08:00:00', '2017-05-02 16:00:00', NULL),
(1339, 63, 'Hadir', '2017-05-02 08:00:00', '2017-05-02 16:00:00', NULL),
(1340, 64, 'Hadir', '2017-05-02 08:00:00', '2017-05-02 16:00:00', NULL),
(1341, 65, 'Hadir', '2017-05-02 08:00:00', '2017-05-02 16:00:00', NULL),
(1342, 66, 'Hadir', '2017-05-02 08:00:00', '2017-05-02 16:00:00', NULL),
(1343, 67, 'Hadir', '2017-05-02 08:00:00', '2017-05-02 16:00:00', NULL),
(1344, 68, 'Hadir', '2017-05-02 08:00:00', '2017-05-02 16:00:00', NULL),
(1345, 69, 'Hadir', '2017-05-02 08:00:00', '2017-05-02 16:00:00', NULL),
(1346, 70, 'Hadir', '2017-05-02 08:00:00', '2017-05-02 16:00:00', NULL);

-- --------------------------------------------------------

--
-- Table structure for table `data_lembur`
--

CREATE TABLE IF NOT EXISTS `data_lembur` (
  `id` int(11) NOT NULL AUTO_INCREMENT,
  `id_absensi` int(11) NOT NULL,
  `waktu_mulai` datetime NOT NULL,
  `waktu_selesai` datetime NOT NULL,
  `upah_lembur` bigint(20) NOT NULL COMMENT 'upah per jam',
  `keterangan` varchar(20) NOT NULL,
  PRIMARY KEY (`id`),
  KEY `id_absensi` (`id_absensi`)
) ENGINE=InnoDB  DEFAULT CHARSET=latin1 AUTO_INCREMENT=4 ;

--
-- Dumping data for table `data_lembur`
--

INSERT INTO `data_lembur` (`id`, `id_absensi`, `waktu_mulai`, `waktu_selesai`, `upah_lembur`, `keterangan`) VALUES
(2, 1206, '2017-04-25 16:30:00', '2017-04-25 21:00:00', 9000, ''),
(3, 1230, '2017-04-25 16:00:00', '2017-04-25 22:00:00', 9000, '');

--
-- Triggers `data_lembur`
--
DROP TRIGGER IF EXISTS `ai_dl`;
DELIMITER //
CREATE TRIGGER `ai_dl` AFTER INSERT ON `data_lembur`
 FOR EACH ROW BEGIN
	UPDATE data_absensi SET waktu_keluar = NEW.waktu_selesai WHERE id = NEW.id_absensi AND keterangan = 'Hadir';
  END
//
DELIMITER ;

-- --------------------------------------------------------

--
-- Table structure for table `data_ptkp`
--

CREATE TABLE IF NOT EXISTS `data_ptkp` (
  `id_ptkp` int(10) NOT NULL AUTO_INCREMENT,
  `id_pph` int(6) NOT NULL,
  `wajib_pajak` bigint(21) NOT NULL,
  `ptkp_kawin` bigint(21) NOT NULL,
  `ptkp_anak` bigint(21) NOT NULL,
  PRIMARY KEY (`id_ptkp`)
) ENGINE=InnoDB DEFAULT CHARSET=latin1 AUTO_INCREMENT=1 ;

-- --------------------------------------------------------

--
-- Table structure for table `demo_blog_categories`
--

CREATE TABLE IF NOT EXISTS `demo_blog_categories` (
  `id` int(11) NOT NULL AUTO_INCREMENT,
  `pos` int(11) NOT NULL DEFAULT '0',
  `title` varchar(100) COLLATE utf8_unicode_ci NOT NULL,
  PRIMARY KEY (`id`)
) ENGINE=InnoDB  DEFAULT CHARSET=utf8 COLLATE=utf8_unicode_ci AUTO_INCREMENT=4 ;

--
-- Dumping data for table `demo_blog_categories`
--

INSERT INTO `demo_blog_categories` (`id`, `pos`, `title`) VALUES
(1, 1, 'Category 1'),
(2, 2, 'Category 2'),
(3, 3, 'Category 3');

-- --------------------------------------------------------

--
-- Table structure for table `demo_blog_posts`
--

CREATE TABLE IF NOT EXISTS `demo_blog_posts` (
  `id` int(11) NOT NULL AUTO_INCREMENT,
  `category_id` int(11) NOT NULL DEFAULT '1',
  `author_id` int(11) NOT NULL,
  `title` varchar(300) COLLATE utf8_unicode_ci NOT NULL,
  `image_url` varchar(300) COLLATE utf8_unicode_ci NOT NULL,
  `content_brief` text COLLATE utf8_unicode_ci NOT NULL,
  `content` text COLLATE utf8_unicode_ci NOT NULL,
  `publish_time` timestamp NOT NULL DEFAULT CURRENT_TIMESTAMP,
  `status` enum('draft','active','hidden') COLLATE utf8_unicode_ci NOT NULL DEFAULT 'draft',
  PRIMARY KEY (`id`)
) ENGINE=InnoDB  DEFAULT CHARSET=utf8 COLLATE=utf8_unicode_ci AUTO_INCREMENT=2 ;

--
-- Dumping data for table `demo_blog_posts`
--

INSERT INTO `demo_blog_posts` (`id`, `category_id`, `author_id`, `title`, `image_url`, `content_brief`, `content`, `publish_time`, `status`) VALUES
(1, 1, 2, 'Blog Post 1', '', '<p>\r\n	Blog Post 1 Content Brief</p>\r\n', '<p>\r\n	Blog Post 1 Content</p>\r\n', '2015-09-25 17:00:00', 'active');

-- --------------------------------------------------------

--
-- Table structure for table `demo_blog_posts_tags`
--

CREATE TABLE IF NOT EXISTS `demo_blog_posts_tags` (
  `id` int(11) NOT NULL AUTO_INCREMENT,
  `post_id` int(11) NOT NULL,
  `tag_id` int(11) NOT NULL,
  PRIMARY KEY (`id`)
) ENGINE=InnoDB  DEFAULT CHARSET=utf8 COLLATE=utf8_unicode_ci AUTO_INCREMENT=4 ;

--
-- Dumping data for table `demo_blog_posts_tags`
--

INSERT INTO `demo_blog_posts_tags` (`id`, `post_id`, `tag_id`) VALUES
(1, 1, 2),
(2, 1, 1),
(3, 1, 3);

-- --------------------------------------------------------

--
-- Table structure for table `demo_blog_tags`
--

CREATE TABLE IF NOT EXISTS `demo_blog_tags` (
  `id` int(11) NOT NULL AUTO_INCREMENT,
  `title` varchar(100) COLLATE utf8_unicode_ci NOT NULL,
  PRIMARY KEY (`id`)
) ENGINE=InnoDB  DEFAULT CHARSET=utf8 COLLATE=utf8_unicode_ci AUTO_INCREMENT=4 ;

--
-- Dumping data for table `demo_blog_tags`
--

INSERT INTO `demo_blog_tags` (`id`, `title`) VALUES
(1, 'Tag 1'),
(2, 'Tag 2'),
(3, 'Tag 3');

-- --------------------------------------------------------

--
-- Table structure for table `demo_cover_photos`
--

CREATE TABLE IF NOT EXISTS `demo_cover_photos` (
  `id` int(11) NOT NULL AUTO_INCREMENT,
  `pos` int(11) NOT NULL DEFAULT '0',
  `image_url` varchar(300) COLLATE utf8_unicode_ci NOT NULL,
  `status` enum('active','hidden') COLLATE utf8_unicode_ci NOT NULL DEFAULT 'active',
  PRIMARY KEY (`id`)
) ENGINE=InnoDB  DEFAULT CHARSET=utf8 COLLATE=utf8_unicode_ci AUTO_INCREMENT=4 ;

--
-- Dumping data for table `demo_cover_photos`
--

INSERT INTO `demo_cover_photos` (`id`, `pos`, `image_url`, `status`) VALUES
(1, 2, '45296-2.jpg', 'active'),
(2, 1, '2934f-1.jpg', 'active'),
(3, 3, '3717d-3.jpg', 'active');

-- --------------------------------------------------------

--
-- Table structure for table `departemen`
--

CREATE TABLE IF NOT EXISTS `departemen` (
  `id` int(11) NOT NULL AUTO_INCREMENT,
  `nama_departemen` varchar(25) DEFAULT NULL,
  `section` varchar(25) DEFAULT NULL,
  PRIMARY KEY (`id`)
) ENGINE=InnoDB  DEFAULT CHARSET=latin1 AUTO_INCREMENT=6 ;

--
-- Dumping data for table `departemen`
--

INSERT INTO `departemen` (`id`, `nama_departemen`, `section`) VALUES
(1, 'Personalia & Umum', NULL),
(2, 'Keuangan', NULL),
(3, 'Akuntansi', NULL),
(4, 'Penjualan', NULL),
(5, 'Promosi', NULL);

-- --------------------------------------------------------

--
-- Table structure for table `groups`
--

CREATE TABLE IF NOT EXISTS `groups` (
  `id` mediumint(8) unsigned NOT NULL AUTO_INCREMENT,
  `name` varchar(20) NOT NULL,
  `description` varchar(100) NOT NULL,
  PRIMARY KEY (`id`)
) ENGINE=InnoDB  DEFAULT CHARSET=utf8 AUTO_INCREMENT=2 ;

--
-- Dumping data for table `groups`
--

INSERT INTO `groups` (`id`, `name`, `description`) VALUES
(1, 'members', 'General User');

-- --------------------------------------------------------

--
-- Stand-in structure for view `infoDendaAlfa`
--
CREATE TABLE IF NOT EXISTS `infoDendaAlfa` (
`nip` int(11)
,`bulan` varchar(69)
,`tidakHadir` bigint(21)
,`denda` bigint(31)
);
-- --------------------------------------------------------

--
-- Table structure for table `informasi_penarikkan`
--

CREATE TABLE IF NOT EXISTS `informasi_penarikkan` (
  `ID_Transaksi` int(11) NOT NULL,
  `Jumlah_Penarikkan` double NOT NULL,
  KEY `ID_Transaksi` (`ID_Transaksi`)
) ENGINE=InnoDB DEFAULT CHARSET=latin1;

-- --------------------------------------------------------

--
-- Table structure for table `informasi_tabungan`
--

CREATE TABLE IF NOT EXISTS `informasi_tabungan` (
  `ID_Transaksi` int(11) NOT NULL,
  `Jumlah_Tabungan` double NOT NULL,
  KEY `ID_Transaksi` (`ID_Transaksi`)
) ENGINE=InnoDB DEFAULT CHARSET=latin1;

-- --------------------------------------------------------

--
-- Table structure for table `jabatan`
--

CREATE TABLE IF NOT EXISTS `jabatan` (
  `id` int(11) NOT NULL AUTO_INCREMENT,
  `nama_jabatan` varchar(25) DEFAULT NULL,
  `golongan` varchar(25) DEFAULT NULL,
  `gaji_pokok` int(11) DEFAULT NULL,
  PRIMARY KEY (`id`)
) ENGINE=InnoDB  DEFAULT CHARSET=latin1 AUTO_INCREMENT=6 ;

--
-- Dumping data for table `jabatan`
--

INSERT INTO `jabatan` (`id`, `nama_jabatan`, `golongan`, `gaji_pokok`) VALUES
(2, 'Manager', '2', 10000000),
(4, 'Staff IT', '5', 12000000),
(5, 'Staff', '8', 3000000);

-- --------------------------------------------------------

--
-- Table structure for table `jenis_tabungan`
--

CREATE TABLE IF NOT EXISTS `jenis_tabungan` (
  `ID_Jenis_Tabungan` int(11) NOT NULL AUTO_INCREMENT,
  `Jenis_Tabungan` varchar(255) NOT NULL,
  `Setoran_Awal_Minimum` double NOT NULL,
  `Saldo_Minimum` double NOT NULL,
  PRIMARY KEY (`ID_Jenis_Tabungan`)
) ENGINE=InnoDB  DEFAULT CHARSET=latin1 AUTO_INCREMENT=6 ;

--
-- Dumping data for table `jenis_tabungan`
--

INSERT INTO `jenis_tabungan` (`ID_Jenis_Tabungan`, `Jenis_Tabungan`, `Setoran_Awal_Minimum`, `Saldo_Minimum`) VALUES
(1, 'BRI BritAma', 250000, 50000),
(2, 'BRI Simpedes', 100000, 50000),
(3, 'Tabunganku', 20000, 50000),
(4, 'BRI Junio', 150000, 50000),
(5, 'BritAma Rencana', 100000, 50000);

-- --------------------------------------------------------

--
-- Table structure for table `jenjang_karir`
--

CREATE TABLE IF NOT EXISTS `jenjang_karir` (
  `id` int(11) NOT NULL AUTO_INCREMENT,
  `tanggal` date NOT NULL,
  `nip` int(11) NOT NULL,
  `id_jabatan` int(11) NOT NULL,
  `keterangan` varchar(100) NOT NULL,
  `lastUpdate` timestamp NOT NULL DEFAULT CURRENT_TIMESTAMP ON UPDATE CURRENT_TIMESTAMP,
  PRIMARY KEY (`id`),
  UNIQUE KEY `nip_2` (`nip`,`id_jabatan`),
  KEY `nip` (`nip`),
  KEY `id_jabatan` (`id_jabatan`)
) ENGINE=InnoDB  DEFAULT CHARSET=latin1 AUTO_INCREMENT=69 ;

--
-- Dumping data for table `jenjang_karir`
--

INSERT INTO `jenjang_karir` (`id`, `tanggal`, `nip`, `id_jabatan`, `keterangan`, `lastUpdate`) VALUES
(21, '2017-04-22', 23, 5, 'karyawan baru', '2017-04-22 13:02:38'),
(22, '2017-04-22', 24, 5, 'karyawan baru', '2017-04-22 13:02:38'),
(23, '2017-04-22', 25, 5, 'karyawan baru', '2017-04-22 13:02:38'),
(24, '2017-04-22', 26, 5, 'karyawan baru', '2017-04-22 13:02:38'),
(25, '2017-04-22', 27, 5, 'karyawan baru', '2017-04-22 13:02:38'),
(26, '2017-04-22', 28, 5, 'karyawan baru', '2017-04-22 13:02:38'),
(27, '2017-04-22', 29, 5, 'karyawan baru', '2017-04-22 13:02:38'),
(28, '2017-04-22', 30, 5, 'karyawan baru', '2017-04-22 13:02:38'),
(29, '2017-04-22', 31, 5, 'karyawan baru', '2017-04-22 13:02:38'),
(30, '2017-04-22', 32, 5, 'karyawan baru', '2017-04-22 13:02:38'),
(31, '2017-04-22', 33, 5, 'karyawan baru', '2017-04-22 13:02:38'),
(32, '2017-04-22', 34, 5, 'karyawan baru', '2017-04-22 13:02:38'),
(33, '2017-04-22', 35, 5, 'karyawan baru', '2017-04-22 13:02:38'),
(34, '2017-04-22', 36, 5, 'karyawan baru', '2017-04-22 13:02:38'),
(35, '2017-04-22', 37, 5, 'karyawan baru', '2017-04-22 13:02:38'),
(36, '2017-04-22', 38, 5, 'karyawan baru', '2017-04-22 13:02:38'),
(37, '2017-04-22', 39, 5, 'karyawan baru', '2017-04-22 13:02:38'),
(38, '2017-04-22', 40, 5, 'karyawan baru', '2017-04-22 13:02:38'),
(39, '2017-04-22', 41, 5, 'karyawan baru', '2017-04-22 13:02:38'),
(40, '2017-04-22', 42, 5, 'karyawan baru', '2017-04-22 13:02:38'),
(41, '2017-04-22', 43, 5, 'karyawan baru', '2017-04-22 13:02:38'),
(42, '2017-04-22', 44, 5, 'karyawan baru', '2017-04-22 13:02:38'),
(43, '2017-04-22', 45, 5, 'karyawan baru', '2017-04-22 13:02:38'),
(44, '2017-04-22', 46, 5, 'karyawan baru', '2017-04-22 13:02:38'),
(45, '2017-04-22', 47, 5, 'karyawan baru', '2017-04-22 13:02:38'),
(46, '2017-04-22', 48, 5, 'karyawan baru', '2017-04-22 13:02:38'),
(47, '2017-04-22', 49, 5, 'karyawan baru', '2017-04-22 13:02:38'),
(48, '2017-04-22', 50, 5, 'karyawan baru', '2017-04-22 13:02:38'),
(49, '2017-04-22', 51, 5, 'karyawan baru', '2017-04-22 13:02:38'),
(50, '2017-04-22', 52, 5, 'karyawan baru', '2017-04-22 13:02:38'),
(51, '2017-04-22', 53, 5, 'karyawan baru', '2017-04-22 13:02:38'),
(52, '2017-04-22', 54, 5, 'karyawan baru', '2017-04-22 13:02:38'),
(53, '2017-04-22', 55, 5, 'karyawan baru', '2017-04-22 13:02:38'),
(54, '2017-04-22', 56, 5, 'karyawan baru', '2017-04-22 13:02:38'),
(55, '2017-04-22', 57, 5, 'karyawan baru', '2017-04-22 13:02:38'),
(56, '2017-04-22', 58, 5, 'karyawan baru', '2017-04-22 13:02:38'),
(57, '2017-04-22', 59, 5, 'karyawan baru', '2017-04-22 13:02:38'),
(58, '2017-04-22', 60, 5, 'karyawan baru', '2017-04-22 13:02:38'),
(59, '2017-04-22', 61, 5, 'karyawan baru', '2017-04-22 13:02:38'),
(60, '2017-04-22', 62, 5, 'karyawan baru', '2017-04-22 13:02:38'),
(61, '2017-04-22', 63, 5, 'karyawan baru', '2017-04-22 13:02:38'),
(62, '2017-04-22', 64, 5, 'karyawan baru', '2017-04-22 13:02:38'),
(63, '2017-04-22', 65, 5, 'karyawan baru', '2017-04-22 13:02:38'),
(64, '2017-04-22', 66, 5, 'karyawan baru', '2017-04-22 13:02:38'),
(65, '2017-04-22', 67, 5, 'karyawan baru', '2017-04-22 13:02:38'),
(66, '2017-04-22', 68, 5, 'karyawan baru', '2017-04-22 13:02:38'),
(67, '2017-04-22', 69, 5, 'karyawan baru', '2017-04-22 13:02:38'),
(68, '2017-04-22', 70, 5, 'karyawan baru', '2017-04-22 13:02:38');

-- --------------------------------------------------------

--
-- Table structure for table `kartu_identitas`
--

CREATE TABLE IF NOT EXISTS `kartu_identitas` (
  `Nomor_Kartu_identitas` varchar(255) NOT NULL,
  `Tipe_Kartu_Identitas` enum('KTP','SIM') NOT NULL,
  `Alamat` int(11) NOT NULL,
  PRIMARY KEY (`Nomor_Kartu_identitas`),
  KEY `Alamat` (`Alamat`)
) ENGINE=InnoDB DEFAULT CHARSET=latin1;

--
-- Dumping data for table `kartu_identitas`
--

INSERT INTO `kartu_identitas` (`Nomor_Kartu_identitas`, `Tipe_Kartu_Identitas`, `Alamat`) VALUES
('4453553622545', 'KTP', 1);

-- --------------------------------------------------------

--
-- Table structure for table `karyawan`
--

CREATE TABLE IF NOT EXISTS `karyawan` (
  `id` int(11) NOT NULL AUTO_INCREMENT,
  `nip` varchar(20) NOT NULL,
  `first_name` varchar(20) NOT NULL,
  `last_name` varchar(20) DEFAULT NULL,
  `alamat` text NOT NULL,
  `jenis_kelamin` enum('Laki-Laki','Perempuan') NOT NULL,
  `tempat_lahir` varchar(50) NOT NULL,
  `tgl_lahir` date NOT NULL,
  `agama` enum('ISLAM','KRISTEN','KATHOLIK','HINDU','BUDHA','KONGHUCHU') NOT NULL,
  `status` enum('Lajang','Kawin') NOT NULL DEFAULT 'Lajang',
  `email` varchar(30) NOT NULL,
  `phone` char(12) DEFAULT NULL,
  `id_departemen` int(11) NOT NULL,
  `id_jabatan` int(11) NOT NULL,
  `status_pegawai` enum('Tetap','Kontrak') NOT NULL,
  `masa_kerja` date DEFAULT NULL,
  `no_rekening` varchar(30) DEFAULT NULL,
  `foto` varchar(255) DEFAULT NULL,
  `npwp` varchar(30) DEFAULT NULL,
  `active` tinyint(1) NOT NULL DEFAULT '1',
  `userID` int(11) unsigned NOT NULL,
  PRIMARY KEY (`id`),
  UNIQUE KEY `phone` (`phone`),
  KEY `id_jabatan` (`id_jabatan`),
  KEY `id_departemen` (`id_departemen`),
  KEY `userID` (`userID`)
) ENGINE=InnoDB  DEFAULT CHARSET=latin1 AUTO_INCREMENT=71 ;

--
-- Dumping data for table `karyawan`
--

INSERT INTO `karyawan` (`id`, `nip`, `first_name`, `last_name`, `alamat`, `jenis_kelamin`, `tempat_lahir`, `tgl_lahir`, `agama`, `status`, `email`, `phone`, `id_departemen`, `id_jabatan`, `status_pegawai`, `masa_kerja`, `no_rekening`, `foto`, `npwp`, `active`, `userID`) VALUES
(23, '10113183', 'ADI', ' AULIA D', 'DI Rumah', 'Laki-Laki', 'BUMI', '1995-01-01', 'ISLAM', 'Lajang', 'karyawan_10113183@gmail.com', '088810113183', 1, 5, 'Tetap', '0000-00-00', '', '', '', 0, 3),
(24, '10113233', 'ADITYA', ' FAJAR DEWANTO', 'DI Rumah', 'Laki-Laki', 'BUMI', '1995-01-01', 'ISLAM', 'Lajang', 'karyawan_10113233@gmail.com', '088810113233', 5, 2, 'Tetap', NULL, NULL, NULL, NULL, 1, 4),
(25, '10113276', 'ADVENTIO', ' CHRISTIANO APITU', 'DI Rumah', 'Laki-Laki', 'BUMI', '1995-01-01', 'KRISTEN', 'Lajang', 'karyawan_10113276@gmail.com', '088810113276', 1, 5, 'Tetap', '0000-00-00', '', '', '', 1, 5),
(26, '10113329', 'AGNES', ' SEKAR MAHARDHIKA', 'DI Rumah', 'Perempuan', 'BUMI', '1995-01-01', 'ISLAM', 'Lajang', 'karyawan_10113329@gmail.com', '088810113329', 1, 5, 'Tetap', '0000-00-00', '', '', '', 1, 6),
(27, '10113358', 'AGUNG', ' SANTA NUGRAHA', 'DI Rumah', 'Laki-Laki', 'BUMI', '1995-01-01', 'ISLAM', 'Lajang', 'karyawan_10113358@gmail.com', '088810113358', 1, 5, 'Tetap', '0000-00-00', '', '', '', 1, 7),
(28, '10113935', 'ANDREAS', ' PERKASA GINTING S', 'DI Rumah', 'Laki-Laki', 'BUMI', '1995-01-01', 'KRISTEN', 'Lajang', 'karyawan_10113935@gmail.com', '088810113935', 1, 5, 'Tetap', '0000-00-00', '', '', '', 1, 8),
(29, '11113176', 'ANTHONY', ' MARTONO', 'DI Rumah', 'Laki-Laki', 'BUMI', '1995-01-01', 'ISLAM', 'Lajang', 'karyawan_11113176@gmail.com', '088811113176', 1, 5, 'Tetap', '0000-00-00', '', '', '', 1, 9),
(30, '11113400', 'ARTAGA', ' BUNAIYA', 'DI Rumah', 'Laki-Laki', 'BUMI', '1995-01-01', 'ISLAM', 'Lajang', 'karyawan_11113400@gmail.com', '088811113400', 1, 5, 'Tetap', '0000-00-00', '', '', '', 0, 10),
(31, '11113519', 'AVIANTINO', ' CLEO SANTANA', 'DI Rumah', 'Laki-Laki', 'BUMI', '1995-01-01', 'ISLAM', 'Lajang', 'karyawan_11113519@gmail.com', '088811113519', 1, 5, 'Tetap', '0000-00-00', '', '', '', 1, 11),
(32, '11113612', 'BAGUS', ' GUNTUR', 'DI Rumah', 'Laki-Laki', 'BUMI', '1995-01-01', 'ISLAM', 'Lajang', 'karyawan_11113612@gmail.com', '088811113612', 1, 5, 'Kontrak', '2025-03-30', '', '', '', 1, 12),
(33, '11113679', 'BAYU', ' SYAITS DHIN ANWAR', 'DI Rumah', 'Laki-Laki', 'BUMI', '1995-01-01', 'ISLAM', 'Lajang', 'karyawan_11113679@gmail.com', '088811113679', 1, 5, 'Kontrak', '2025-03-30', '', '', '', 1, 13),
(34, '11113867', 'CHANDRA', ' FEBRIAWAN', 'DI Rumah', 'Laki-Laki', 'BUMI', '1995-01-01', 'ISLAM', 'Lajang', 'karyawan_11113867@gmail.com', '088811113867', 1, 5, 'Kontrak', '2025-03-30', '', '', '', 1, 14),
(35, '11113966', 'CUT MUDA', ' MALIM', 'DI Rumah', 'Laki-Laki', 'BUMI', '1995-01-01', 'ISLAM', 'Lajang', 'karyawan_11113966@gmail.com', '088811113966', 4, 5, 'Kontrak', '2025-03-30', NULL, NULL, NULL, 0, 15),
(36, '12113020', 'DANIEL', ' PANDAPOTAN SIMORAN', 'DI Rumah', 'Laki-Laki', 'BUMI', '1995-01-01', 'KRISTEN', 'Lajang', 'karyawan_12113020@gmail.com', '088812113020', 1, 5, 'Kontrak', '2025-03-30', '', '', '', 1, 16),
(37, '12113193', 'DERI', ' AGUSTIN', 'DI Rumah', 'Laki-Laki', 'BUMI', '1995-01-01', 'ISLAM', 'Lajang', 'karyawan_12113193@gmail.com', '088812113193', 1, 5, 'Kontrak', '2025-03-30', '', '', '', 0, 17),
(38, '12113269', 'DEVIN', ' PASYA', 'DI Rumah', 'Laki-Laki', 'BUMI', '1995-01-01', 'ISLAM', 'Lajang', 'karyawan_12113269@gmail.com', '088812113269', 5, 5, 'Kontrak', '2025-03-30', '', '', '', 1, 18),
(39, '12113504', 'DIMAS', ' PRAMUDITA', 'DI Rumah', 'Laki-Laki', 'BUMI', '1995-01-01', 'ISLAM', 'Lajang', 'karyawan_12113504@gmail.com', '088812113504', 1, 5, 'Kontrak', '2025-03-30', '', '', '', 0, 19),
(40, '12113607', 'DITA', ' LOGIARTI', 'DI Rumah', 'Perempuan', 'BUMI', '1995-01-01', 'ISLAM', 'Lajang', 'karyawan_12113607@gmail.com', '088812113607', 1, 5, 'Kontrak', '2025-03-30', '', '', '', 1, 20),
(41, '12113684', 'DWI', ' NUR RAHMAWATI', 'DI Rumah', 'Perempuan', 'BUMI', '1995-01-01', 'ISLAM', 'Lajang', 'karyawan_12113684@gmail.com', '088812113684', 1, 2, 'Tetap', NULL, NULL, NULL, NULL, 1, 21),
(42, '12113976', 'ERWIN', ' RIO FADILAH', 'DI Rumah', 'Laki-Laki', 'BUMI', '1995-01-01', 'ISLAM', 'Lajang', 'karyawan_12113976@gmail.com', '088812113976', 1, 5, 'Tetap', '0000-00-00', '', '', '', 1, 22),
(43, '13113098', 'FAHRULI', ' ', 'DI Rumah', 'Laki-Laki', 'BUMI', '1995-01-01', 'ISLAM', 'Lajang', 'karyawan_13113098@gmail.com', '088813113098', 1, 5, 'Tetap', '0000-00-00', '', '', '', 1, 23),
(44, '13113622', 'GALIH', ' NURMANSYAH', 'DI Rumah', 'Laki-Laki', 'BUMI', '1995-01-01', 'ISLAM', 'Lajang', 'karyawan_13113622@gmail.com', '088813113622', 1, 5, 'Tetap', '0000-00-00', '', '', '', 0, 24),
(45, '14113181', 'IBNU', ' SYAEBANI', 'DI Rumah', 'Laki-Laki', 'BUMI', '1995-01-01', 'ISLAM', 'Lajang', 'karyawan_14113181@gmail.com', '088814113181', 1, 5, 'Tetap', '0000-00-00', '', '', '', 1, 25),
(46, '14113317', 'IMAM', ' SETYA UTAMA', 'DI Rumah', 'Laki-Laki', 'BUMI', '1995-01-01', 'ISLAM', 'Lajang', 'karyawan_14113317@gmail.com', '088814113317', 1, 5, 'Tetap', '0000-00-00', '', '', '', 1, 26),
(47, '14113483', 'IRFAN', ' SETYADI YAHYA', 'DI Rumah', 'Laki-Laki', 'BUMI', '1995-01-01', 'ISLAM', 'Lajang', 'karyawan_14113483@gmail.com', '088814113483', 1, 5, 'Tetap', '0000-00-00', '', '', '', 0, 27),
(48, '15113079', 'LUTFI', ' FEBRIANTO', 'DI Rumah', 'Laki-Laki', 'BUMI', '1995-01-01', 'ISLAM', 'Lajang', 'karyawan_15113079@gmail.com', '088815113079', 5, 5, 'Tetap', '0000-00-00', '', '', '', 1, 28),
(49, '15113109', 'M ADITYA', ' RAHMAN', 'DI Rumah', 'Laki-Laki', 'BUMI', '1995-01-01', 'ISLAM', 'Lajang', 'karyawan_15113109@gmail.com', '088815113109', 4, 5, 'Tetap', '0000-00-00', '', '', '', 1, 29),
(50, '15113523', 'MOCH IRPAN', ' KANANI', 'DI Rumah', 'Laki-Laki', 'BUMI', '1995-01-01', 'ISLAM', 'Lajang', 'karyawan_15113523@gmail.com', '088815113523', 1, 5, 'Tetap', '0000-00-00', '', '', '', 1, 30),
(51, '15113641', 'MOHAMMAD RIZKY', ' MAULANA RI', 'DI Rumah', 'Laki-Laki', 'BUMI', '1995-01-01', 'ISLAM', 'Lajang', 'karyawan_15113641@gmail.com', '088815113641', 4, 5, 'Tetap', '0000-00-00', '', '', '', 0, 31),
(52, '15113997', 'MUHAMMAD IQBAL', ' NAUFAL', 'DI Rumah', 'Laki-Laki', 'BUMI', '1995-01-01', 'ISLAM', 'Lajang', 'karyawan_15113997@gmail.com', '088815113997', 5, 5, 'Tetap', '0000-00-00', '', '', '', 1, 32),
(53, '16113049', 'MUHAMMAD NOORIANDA', ' KURNIA', 'DI Rumah', 'Laki-Laki', 'BUMI', '1995-01-01', 'ISLAM', 'Lajang', 'karyawan_16113049@gmail.com', '088816113049', 1, 5, 'Tetap', '0000-00-00', '', '', '', 1, 33),
(54, '16113303', 'NADYAWATI', ' JASMIEN P', 'DI Rumah', 'Perempuan', 'BUMI', '1995-01-01', 'ISLAM', 'Lajang', 'karyawan_16113303@gmail.com', '088816113303', 1, 5, 'Tetap', '0000-00-00', '', '', '', 0, 34),
(55, '16113348', 'NATANAEL', ' ', 'DI Rumah', 'Laki-Laki', 'BUMI', '1995-01-01', 'KRISTEN', 'Lajang', 'karyawan_16113348@gmail.com', '088816113348', 4, 5, 'Tetap', '0000-00-00', '', '', '', 1, 35),
(56, '16113433', 'NIKEN', ' PRATIWI', 'DI Rumah', 'Perempuan', 'BUMI', '1995-01-01', 'ISLAM', 'Lajang', 'karyawan_16113433@gmail.com', '088816113433', 1, 5, 'Tetap', '0000-00-00', '', '', '', 1, 36),
(57, '16113789', 'OMEGA', ' SHINTAULY', 'DI Rumah', 'Perempuan', 'BUMI', '1995-01-01', 'KRISTEN', 'Lajang', 'karyawan_16113789@gmail.com', '088816113789', 1, 5, 'Kontrak', '2025-03-30', '', '', '', 1, 37),
(58, '16113817', 'PANJI', ' EKO YUNIARSO', 'DI Rumah', 'Laki-Laki', 'BUMI', '1995-01-01', 'ISLAM', 'Lajang', 'karyawan_16113817@gmail.com', '088816113817', 3, 2, 'Tetap', NULL, NULL, 'user3-128x128.jpg', NULL, 0, 38),
(59, '17113494', 'REZA', ' DESTRIANSYAH', 'DI Rumah', 'Laki-Laki', 'BUMI', '1995-01-01', 'ISLAM', 'Lajang', 'karyawan_17113494@gmail.com', '088817113494', 1, 5, 'Kontrak', '2025-03-30', '', '', '', 1, 39),
(60, '18113280', 'SARI', ' WIJAYA', 'DI Rumah', 'Laki-Laki', 'BUMI', '1995-01-01', 'ISLAM', 'Lajang', 'karyawan_18113280@gmail.com', '088818113280', 1, 5, 'Kontrak', '2025-03-30', '', '', '', 1, 40),
(61, '18113452', 'SHINTA', ' JANATI M', 'DI Rumah', 'Perempuan', 'BUMI', '1995-01-01', 'ISLAM', 'Lajang', 'karyawan_18113452@gmail.com', '088818113452', 4, 5, 'Kontrak', '2025-03-30', '', '', '', 0, 41),
(62, '18113474', 'SIGIT', ' HADI PURNOMO', 'DI Rumah', 'Laki-Laki', 'BUMI', '1995-01-01', 'ISLAM', 'Lajang', 'karyawan_18113474@gmail.com', '088818113474', 1, 5, 'Kontrak', '2025-03-30', '', '', '', 1, 42),
(63, '18113600', 'SOLAHUDIN', ' ', 'DI Rumah', 'Laki-Laki', 'BUMI', '1995-01-01', 'ISLAM', 'Lajang', 'karyawan_18113600@gmail.com', '088818113600', 1, 5, 'Kontrak', '2025-03-30', '', '', '', 1, 43),
(64, '18113656', 'SUCI', ' FAJARWATI RAMADHAN', 'DI Rumah', 'Perempuan', 'BUMI', '1995-01-01', 'ISLAM', 'Lajang', 'karyawan_18113656@gmail.com', '088818113656', 1, 5, 'Kontrak', '2025-03-30', '', '', '', 1, 44),
(65, '18113855', 'TEUKU', ' FATAHILLAH MOEDA', 'DI Rumah', 'Laki-Laki', 'BUMI', '1995-01-01', 'ISLAM', 'Lajang', 'karyawan_18113855@gmail.com', '088818113855', 1, 5, 'Kontrak', '2025-03-30', '', '', '', 1, 45),
(66, '19113306', 'WILSON', ' ALEKSANDER G', 'DI Rumah', 'Laki-Laki', 'BUMI', '1995-01-01', 'KRISTEN', 'Lajang', 'karyawan_19113306@gmail.com', '088819113306', 1, 5, 'Kontrak', '2025-03-30', '', '', '', 1, 46),
(67, '19113479', 'YOGY', ' MAULANA FERRY', 'DI Rumah', 'Laki-Laki', 'BUMI', '1995-01-01', 'ISLAM', 'Lajang', 'karyawan_19113479@gmail.com', '088819113479', 5, 5, 'Tetap', '0000-00-00', '', '', '', 1, 47),
(68, '19113625', 'YUSLIANA', ' ISKANTIKA', 'DI Rumah', 'Perempuan', 'BUMI', '1995-01-01', 'ISLAM', 'Lajang', 'karyawan_19113625@gmail.com', '088819113625', 2, 2, 'Tetap', NULL, NULL, NULL, NULL, 1, 48),
(69, '19113678', 'ZULFA', ' NUR', 'DI Rumah', 'Perempuan', 'BUMI', '1995-01-01', 'ISLAM', 'Lajang', 'karyawan_19113678@gmail.com', '088819113678', 5, 5, 'Tetap', '0000-00-00', '', '', '', 1, 49),
(70, '19113684', 'ZULFIKAR', ' RASYAD L', 'DI Rumah', 'Laki-Laki', 'BUMI', '1995-01-01', 'ISLAM', 'Lajang', 'karyawan_19113684@gmail.com', '088819113684', 4, 5, 'Tetap', '0000-00-00', '', '', '', 1, 50);

--
-- Triggers `karyawan`
--
DROP TRIGGER IF EXISTS `ad_k`;
DELIMITER //
CREATE TRIGGER `ad_k` BEFORE DELETE ON `karyawan`
 FOR EACH ROW BEGIN
  DELETE FROM `jenjang_karir` WHERE `jenjang_karir`.`nip` = OLD.id;
END
//
DELIMITER ;
DROP TRIGGER IF EXISTS `aik_jk`;
DELIMITER //
CREATE TRIGGER `aik_jk` AFTER INSERT ON `karyawan`
 FOR EACH ROW BEGIN
	INSERT INTO jenjang_karir SET tanggal = CURDATE(), nip = NEW.id, id_jabatan = NEW.id_jabatan, keterangan = 'karyawan baru', lastUpdate = NOW();
END
//
DELIMITER ;
DROP TRIGGER IF EXISTS `auk_active`;
DELIMITER //
CREATE TRIGGER `auk_active` AFTER UPDATE ON `karyawan`
 FOR EACH ROW BEGIN
IF NEW.active <> OLD.active THEN
	INSERT INTO log_absen SET tanggal = CURDATE(), karyawan_id = OLD.id, kehadiran = NEW.active, lastTimeUpdate = CURTIME(), countUpdate = 1 ON DUPLICATE KEY UPDATE kehadiran = NEW.active, lastTimeUpdate = CURTIME(), countUpdate = countUpdate + 1;
END IF;
END
//
DELIMITER ;

-- --------------------------------------------------------

--
-- Table structure for table `kewarganegaraan`
--

CREATE TABLE IF NOT EXISTS `kewarganegaraan` (
  `ID_Kewarganegaraan` int(11) NOT NULL AUTO_INCREMENT,
  `Kewarganegaraan` varchar(3) NOT NULL,
  PRIMARY KEY (`ID_Kewarganegaraan`)
) ENGINE=InnoDB  DEFAULT CHARSET=latin1 AUTO_INCREMENT=3 ;

--
-- Dumping data for table `kewarganegaraan`
--

INSERT INTO `kewarganegaraan` (`ID_Kewarganegaraan`, `Kewarganegaraan`) VALUES
(1, 'WNI'),
(2, 'WNA');

-- --------------------------------------------------------

--
-- Table structure for table `login_attempts`
--

CREATE TABLE IF NOT EXISTS `login_attempts` (
  `id` int(11) unsigned NOT NULL AUTO_INCREMENT,
  `ip_address` varchar(15) NOT NULL,
  `login` varchar(100) NOT NULL,
  `time` int(11) unsigned DEFAULT NULL,
  PRIMARY KEY (`id`)
) ENGINE=InnoDB DEFAULT CHARSET=utf8 AUTO_INCREMENT=1 ;

-- --------------------------------------------------------

--
-- Table structure for table `log_absen`
--

CREATE TABLE IF NOT EXISTS `log_absen` (
  `tanggal` date NOT NULL,
  `karyawan_id` int(11) NOT NULL,
  `kehadiran` tinyint(1) NOT NULL,
  `lastTimeUpdate` time DEFAULT NULL,
  `countUpdate` tinyint(2) DEFAULT '1',
  PRIMARY KEY (`tanggal`,`karyawan_id`)
) ENGINE=InnoDB DEFAULT CHARSET=latin1;

--
-- Dumping data for table `log_absen`
--

INSERT INTO `log_absen` (`tanggal`, `karyawan_id`, `kehadiran`, `lastTimeUpdate`, `countUpdate`) VALUES
('2016-05-11', 1, 1, NULL, 1),
('2016-05-12', 1, 1, NULL, 1),
('2016-05-12', 2, 1, NULL, 1),
('2016-05-12', 3, 0, NULL, 1),
('2016-05-12', 4, 1, NULL, 1),
('2016-05-12', 5, 1, NULL, 1),
('2016-05-16', 4, 1, NULL, 1),
('2016-05-16', 5, 0, NULL, 1),
('2016-05-19', 3, 0, NULL, 1),
('2016-05-19', 5, 0, NULL, 1),
('2016-05-24', 3, 1, NULL, 1),
('2016-05-24', 4, 0, NULL, 1),
('2016-05-24', 5, 0, NULL, 1),
('2016-05-24', 6, 0, NULL, 1),
('2016-05-25', 5, 1, NULL, 1),
('2016-05-27', 1, 1, '22:22:55', 2),
('2016-05-27', 2, 0, NULL, 1),
('2016-05-27', 4, 1, NULL, 1),
('2016-05-27', 5, 1, '22:20:32', 3),
('2016-05-31', 1, 1, '11:03:24', 2),
('2016-05-31', 4, 0, '10:38:23', 1),
('2016-05-31', 5, 1, '11:02:59', 2),
('2016-06-01', 1, 1, '16:10:14', 4),
('2016-06-01', 2, 1, '16:10:12', 3),
('2016-06-01', 3, 1, '13:26:30', 6),
('2016-06-01', 4, 1, '11:05:40', 3),
('2016-06-01', 5, 1, '11:05:36', 2),
('2016-06-03', 5, 0, '21:13:47', 1),
('2016-06-04', 1, 0, '13:28:01', 1),
('2016-06-07', 1, 1, '13:08:09', 1),
('2016-06-07', 2, 1, '07:31:34', 2),
('2016-06-07', 4, 0, '07:31:29', 1),
('2016-06-07', 5, 1, '13:52:14', 3),
('2016-06-13', 2, 0, '14:40:53', 1),
('2016-06-18', 2, 1, '11:38:19', 1),
('2016-06-18', 4, 1, '11:38:14', 1),
('2016-07-17', 1, 1, '13:59:28', 4),
('2016-08-04', 1, 1, '14:34:10', 2),
('2016-08-04', 2, 0, '14:16:40', 1),
('2016-08-04', 3, 0, '14:16:46', 1),
('2016-08-04', 5, 1, '14:34:18', 2),
('2016-08-05', 2, 1, '23:01:22', 1),
('2016-08-05', 3, 1, '23:01:20', 1),
('2016-08-08', 1, 0, '10:31:25', 1),
('2016-08-08', 3, 0, '10:31:30', 1),
('2016-08-19', 1, 1, '07:00:00', 1),
('2016-08-19', 3, 1, '06:59:58', 1),
('2016-08-25', 1, 0, '19:19:21', 1),
('2016-08-25', 2, 0, '19:19:24', 1),
('2016-08-26', 1, 1, '06:35:44', 1),
('2016-08-26', 2, 1, '06:35:48', 1),
('2016-09-01', 1, 0, '12:29:22', 1),
('2016-09-01', 2, 0, '12:29:20', 1),
('2016-09-01', 3, 0, '12:29:17', 1),
('2016-09-01', 4, 0, '12:29:14', 1),
('2016-09-02', 1, 0, '23:55:00', 4),
('2016-09-02', 2, 1, '08:22:43', 1),
('2016-09-02', 3, 1, '23:52:26', 3),
('2016-09-02', 4, 1, '08:22:31', 1),
('2016-09-02', 5, 1, '23:53:56', 2),
('2016-09-03', 1, 1, '17:46:55', 1),
('2016-09-04', 5, 1, '16:24:54', 2),
('2016-09-08', 2, 0, '22:44:52', 1),
('2016-09-08', 3, 0, '22:44:56', 1),
('2016-09-09', 1, 0, '09:26:16', 1),
('2016-09-09', 2, 1, '09:26:09', 1),
('2016-09-09', 3, 1, '09:26:10', 1),
('2017-03-23', 1, 1, '15:25:01', 1),
('2017-04-14', 5, 0, '16:59:42', 1),
('2017-04-17', 1, 1, '13:43:20', 4),
('2017-04-17', 2, 1, '13:43:19', 4),
('2017-04-17', 3, 1, '13:43:24', 6),
('2017-04-17', 4, 1, '13:43:22', 4),
('2017-04-17', 5, 1, '13:43:21', 5),
('2017-04-17', 8, 1, '14:45:06', 6),
('2017-04-22', 2, 1, '11:00:20', 2),
('2017-04-22', 4, 1, '11:01:38', 4),
('2017-04-22', 17, 1, '11:00:17', 2),
('2017-04-22', 18, 0, '09:25:18', 1),
('2017-04-24', 23, 0, '17:43:03', 1),
('2017-04-24', 30, 0, '17:43:32', 1),
('2017-04-24', 35, 0, '17:43:28', 1),
('2017-04-24', 44, 0, '17:43:48', 1),
('2017-04-24', 47, 0, '17:43:43', 1),
('2017-04-24', 51, 0, '17:44:05', 1),
('2017-04-24', 54, 0, '17:43:53', 1),
('2017-04-25', 37, 0, '08:44:45', 1),
('2017-04-25', 39, 0, '08:44:44', 1),
('2017-04-25', 58, 0, '08:44:52', 1),
('2017-04-25', 61, 0, '08:44:53', 1),
('2017-05-02', 24, 1, '06:10:39', 2);

-- --------------------------------------------------------

--
-- Table structure for table `menu`
--

CREATE TABLE IF NOT EXISTS `menu` (
  `id` int(11) NOT NULL AUTO_INCREMENT,
  `name` varchar(50) NOT NULL,
  `link` varchar(50) NOT NULL,
  `icon` varchar(30) NOT NULL,
  `is_active` int(1) NOT NULL,
  `is_parent` int(1) NOT NULL,
  PRIMARY KEY (`id`)
) ENGINE=InnoDB DEFAULT CHARSET=latin1 AUTO_INCREMENT=1 ;

-- --------------------------------------------------------

--
-- Table structure for table `nasabah`
--

CREATE TABLE IF NOT EXISTS `nasabah` (
  `ID_Nasabah` int(11) NOT NULL AUTO_INCREMENT,
  `Nama_Lengkap` varchar(255) DEFAULT NULL,
  `Tempat_Lahir` varchar(50) NOT NULL,
  `Tanggal_Lahir` date NOT NULL,
  `Jenis_Kelamin` enum('LAKI-LAKI','PEREMPUAN') NOT NULL,
  `Agama` enum('ISLAM','KRISTEN','KATHOLIK','HINDU','BUDHA','KONGHUCHU') NOT NULL,
  `Kewarganegaraan` enum('WNI','WNA') NOT NULL,
  `Status_Perkawinan` enum('KAWIN','BELUM KAWIN','JANDA','DUDA') NOT NULL,
  `Nama_Ibu_Kandung` varchar(255) DEFAULT NULL,
  `Nomor_KTP` varchar(255) DEFAULT NULL,
  `Alamat` text NOT NULL,
  `RT` varchar(5) NOT NULL,
  `RW` varchar(5) NOT NULL,
  `Kecamatan` varchar(50) DEFAULT NULL,
  `Kelurahan` varchar(50) NOT NULL,
  `Kota` varchar(50) DEFAULT NULL,
  `Kode_Pos` varchar(10) DEFAULT NULL,
  `No_Telp` varchar(13) DEFAULT NULL,
  `No_Hp` varchar(13) DEFAULT NULL,
  `Email` varchar(255) DEFAULT NULL,
  PRIMARY KEY (`ID_Nasabah`)
) ENGINE=InnoDB  DEFAULT CHARSET=latin1 AUTO_INCREMENT=8 ;

--
-- Dumping data for table `nasabah`
--

INSERT INTO `nasabah` (`ID_Nasabah`, `Nama_Lengkap`, `Tempat_Lahir`, `Tanggal_Lahir`, `Jenis_Kelamin`, `Agama`, `Kewarganegaraan`, `Status_Perkawinan`, `Nama_Ibu_Kandung`, `Nomor_KTP`, `Alamat`, `RT`, `RW`, `Kecamatan`, `Kelurahan`, `Kota`, `Kode_Pos`, `No_Telp`, `No_Hp`, `Email`) VALUES
(5, 'Panji Eko Yuniarso', 'Tangerang zsaf', '1995-06-16', 'LAKI-LAKI', 'ISLAM', 'WNI', 'KAWIN', 'Ponirah', '4363452352525', 'Jl.Cemara 2 No 78', '02', '01', 'Pamulang Barat', 'Pamulang', 'Tangerang Selatan', '15417', '0217343525', '081319026682', 'panjieko.pey@gmail.com'),
(7, 'sagaa', 'gasgas', '2017-06-14', 'PEREMPUAN', 'KATHOLIK', 'WNI', 'BELUM KAWIN', 'gasgas', '532463424523643', 'fadsgasga', '1', '4', 'sdga', 'gasdgds', 'gsaha', '34242', '34542636', '4124124', 'fasfaf@asfa.com');

-- --------------------------------------------------------

--
-- Table structure for table `pelanggan`
--

CREATE TABLE IF NOT EXISTS `pelanggan` (
  `id` int(11) NOT NULL AUTO_INCREMENT,
  `nama` varchar(20) NOT NULL,
  `phone` char(12) NOT NULL,
  `email` varchar(50) NOT NULL,
  PRIMARY KEY (`id`),
  UNIQUE KEY `phone` (`phone`),
  UNIQUE KEY `email` (`email`)
) ENGINE=InnoDB  DEFAULT CHARSET=latin1 AUTO_INCREMENT=10 ;

--
-- Dumping data for table `pelanggan`
--

INSERT INTO `pelanggan` (`id`, `nama`, `phone`, `email`) VALUES
(1, 'SDN Pamulang III', '0217866783', 'sdnpamulang3@sdn.id'),
(2, 'jojo', '081257392321', 'jojo@gmail.com'),
(7, 'Galih', '081319026682', 'galih@gmail.com'),
(8, 'Indah', '082275435321', 'indah@gmail.com'),
(9, 'KOKO`', '325235', '5dsf@gmail.com');

-- --------------------------------------------------------

--
-- Table structure for table `pemesanans`
--

CREATE TABLE IF NOT EXISTS `pemesanans` (
  `id` int(11) NOT NULL AUTO_INCREMENT,
  `kode_pesanan` varchar(5) NOT NULL,
  `tgl_pemesanan` date NOT NULL,
  `tgl_pengambilan` date DEFAULT NULL,
  `jenis` varchar(100) NOT NULL,
  `jumlah` int(2) NOT NULL,
  `keterangan` text,
  `image_url` varchar(300) CHARACTER SET utf8 COLLATE utf8_unicode_ci DEFAULT NULL,
  `status` enum('proses','selesai & belum lunas','selesai & lunas') NOT NULL DEFAULT 'proses',
  `pelanggan_id` int(11) NOT NULL,
  PRIMARY KEY (`id`),
  UNIQUE KEY `kd_pemesanan` (`kode_pesanan`),
  KEY `id_pelanggan` (`pelanggan_id`)
) ENGINE=InnoDB  DEFAULT CHARSET=latin1 AUTO_INCREMENT=18 ;

--
-- Dumping data for table `pemesanans`
--

INSERT INTO `pemesanans` (`id`, `kode_pesanan`, `tgl_pemesanan`, `tgl_pengambilan`, `jenis`, `jumlah`, `keterangan`, `image_url`, `status`, `pelanggan_id`) VALUES
(1, 'PS001', '2016-05-02', '2016-05-26', 'SERAGAM PRAMUKA', 3, NULL, NULL, '', 1),
(13, 'PS003', '2016-05-08', '2016-06-21', 'KEBAYA', 14, 'modelnya kayak begini ya\r\n', '4c197-_.png', 'proses', 2),
(14, 'PS004', '2016-05-31', '2016-06-15', 'SERAGAM OLAHRAGA', 8, NULL, NULL, 'proses', 1),
(15, 'PS005', '2016-06-07', '2016-06-15', 'BATIK', 7, 'serssr', NULL, '', 2),
(16, 'PS006', '2016-06-13', '2016-09-12', 'TES', 12, 'tes pemesanan', NULL, '', 1),
(17, 'PS007', '2016-06-29', '2016-09-08', 'SERAGAM KANTOR', 20, '<p>yihuy</p>\r\n', '2c75b-negatif_root.png', 'proses', 2);

--
-- Triggers `pemesanans`
--
DROP TRIGGER IF EXISTS `ai_p`;
DELIMITER //
CREATE TRIGGER `ai_p` AFTER INSERT ON `pemesanans`
 FOR EACH ROW BEGIN
    INSERT INTO pemesanan_biaya SET pemesanan_id = NEW.id;
  END
//
DELIMITER ;
DROP TRIGGER IF EXISTS `ustp_au_p`;
DELIMITER //
CREATE TRIGGER `ustp_au_p` BEFORE UPDATE ON `pemesanans`
 FOR EACH ROW BEGIN
    DECLARE j,sl,tb,jt int(12);
    IF NEW.jumlah <> OLD.jumlah THEN
	select selesai,N_ttlBiaya,N_jmlTransaksi into sl,tb, jt from vpemesanan where id=OLD.id;
	if (sl > NEW.jumlah) THEN
	SET NEW.status = "proses";
	ELSEIF (sl = NEW.jumlah) AND (jt >= tb) THEN
	SET NEW.status = "selesai & lunas";
	ELSEIF (sl = NEW.jumlah) AND (jt < tb) THEN
    SET NEW.status = "selesai & belum lunas";
	ELSE 
	SET NEW.status = "proses";
	END IF;
    END IF;
END
//
DELIMITER ;

-- --------------------------------------------------------

--
-- Table structure for table `pemesanan_bahanBaku`
--

CREATE TABLE IF NOT EXISTS `pemesanan_bahanBaku` (
  `id` int(11) NOT NULL AUTO_INCREMENT,
  `nama_item` varchar(50) NOT NULL,
  `qty` int(2) NOT NULL,
  `N_biaya` decimal(12,0) DEFAULT '0',
  `pemesanan_id` int(11) NOT NULL,
  PRIMARY KEY (`id`),
  KEY `kd_pemesanan` (`pemesanan_id`)
) ENGINE=InnoDB  DEFAULT CHARSET=latin1 AUTO_INCREMENT=18 ;

--
-- Dumping data for table `pemesanan_bahanBaku`
--

INSERT INTO `pemesanan_bahanBaku` (`id`, `nama_item`, `qty`, `N_biaya`, `pemesanan_id`) VALUES
(1, 'fafas', 1, 30000, 1),
(10, 'CJS', 13, 70000, 13),
(12, 'df', 4, 110000, 13),
(13, 'A', 1, 10000, 14),
(14, 'fasfa', 1, 8000, 14),
(15, 'gsdgsg', 3, 30000, 15),
(16, 'x', 1, 300000, 17),
(17, 'sa', 1, 31000, 16);

-- --------------------------------------------------------

--
-- Table structure for table `pemesanan_biaya`
--

CREATE TABLE IF NOT EXISTS `pemesanan_biaya` (
  `id` int(11) NOT NULL AUTO_INCREMENT,
  `N_biaya_tambahan` decimal(12,0) DEFAULT '0',
  `pemesanan_id` int(11) NOT NULL,
  PRIMARY KEY (`id`),
  KEY `pemesanan_id` (`pemesanan_id`)
) ENGINE=InnoDB  DEFAULT CHARSET=latin1 AUTO_INCREMENT=18 ;

--
-- Dumping data for table `pemesanan_biaya`
--

INSERT INTO `pemesanan_biaya` (`id`, `N_biaya_tambahan`, `pemesanan_id`) VALUES
(1, 10000, 1),
(13, 300000, 13),
(14, 200000, 14),
(15, 250000, 15),
(16, 0, 16),
(17, 100000, 17);

--
-- Triggers `pemesanan_biaya`
--
DROP TRIGGER IF EXISTS `au_pb`;
DELIMITER //
CREATE TRIGGER `au_pb` AFTER UPDATE ON `pemesanan_biaya`
 FOR EACH ROW BEGIN
    DECLARE pid,prid,j,sl,tb,jt int(12);
    IF NEW.N_biaya_tambahan <> OLD.N_biaya_tambahan THEN
    select pemesanan_id into pid from pemesanan_biaya where id=OLD.id;
	select jumlah,selesai,N_ttlBiaya,N_jmlTransaksi into j,sl,tb, jt from vpemesanan where id=pid;
	if (sl > j) THEN
	UPDATE pemesanans SET status = "proses" WHERE id = pid;
	ELSEIF (sl = j) AND (jt >= tb) THEN
    UPDATE pemesanans SET status = "selesai & lunas" WHERE id = pid;
	ELSEIF (sl = j) AND (jt < tb) THEN
    UPDATE pemesanans SET status = "selesai & belum lunas" WHERE id = pid;
	ELSE 
	UPDATE pemesanans SET status = "proses" WHERE id = pid;
	END IF;
    END IF;
END
//
DELIMITER ;

-- --------------------------------------------------------

--
-- Table structure for table `pemesanan_transaksi`
--

CREATE TABLE IF NOT EXISTS `pemesanan_transaksi` (
  `id` int(11) NOT NULL AUTO_INCREMENT,
  `tgl_transaksi` date NOT NULL,
  `N_nominal` decimal(12,0) NOT NULL,
  `keterangan` varchar(250) DEFAULT NULL,
  `pemesanan_id` int(11) NOT NULL,
  PRIMARY KEY (`id`),
  KEY `pemesanan_id` (`pemesanan_id`)
) ENGINE=InnoDB  DEFAULT CHARSET=latin1 AUTO_INCREMENT=42 ;

--
-- Dumping data for table `pemesanan_transaksi`
--

INSERT INTO `pemesanan_transaksi` (`id`, `tgl_transaksi`, `N_nominal`, `keterangan`, `pemesanan_id`) VALUES
(1, '2016-05-09', 10000, 'safsasfaf', 1),
(2, '2016-05-08', 129000, 'LUNAS YEEEEE...', 1),
(6, '2016-05-08', 310000, 'DP', 13),
(16, '2016-05-09', 150000, NULL, 13),
(19, '2016-05-14', 180000, NULL, 16),
(34, '2016-05-31', 70000, 'DP', 14),
(39, '2016-06-07', 400000, NULL, 15),
(41, '2016-09-01', 200000, NULL, 17);

--
-- Triggers `pemesanan_transaksi`
--
DROP TRIGGER IF EXISTS `ai_tp`;
DELIMITER //
CREATE TRIGGER `ai_tp` AFTER INSERT ON `pemesanan_transaksi`
 FOR EACH ROW BEGIN
    DECLARE pid,j,sl,tb,jt int(12);
	select pemesanan_id into pid from pemesanan_transaksi where id=NEW.id;
	select jumlah,selesai,N_ttlBiaya,N_jmlTransaksi into j,sl,tb,jt from vpemesanan where id=pid;
	if (sl > j) THEN
	UPDATE pemesanans SET status = "proses" WHERE id = pid;
	ELSEIF (sl = j) AND (jt >= tb) THEN
    UPDATE pemesanans SET status = "selesai & lunas" WHERE id = pid;
	ELSEIF (sl = j) AND (jt < tb) THEN
    UPDATE pemesanans SET status = "selesai & belum lunas" WHERE id = pid;
	ELSE 
	UPDATE pemesanans SET status = "proses" WHERE id = pid;
	END IF;
END
//
DELIMITER ;
DROP TRIGGER IF EXISTS `au_tp`;
DELIMITER //
CREATE TRIGGER `au_tp` AFTER UPDATE ON `pemesanan_transaksi`
 FOR EACH ROW BEGIN
    DECLARE pid,j,sl,tb,jt int(12);
    IF NEW.N_nominal <> OLD.N_nominal THEN
	select pemesanan_id into pid from pemesanan_transaksi where id=OLD.id;
	select jumlah,selesai,N_ttlBiaya,N_jmlTransaksi into j,sl,tb,jt from vpemesanan where id=pid;
	if (sl > j) THEN
	UPDATE pemesanans SET status = "proses" WHERE id = pid;
	ELSEIF (sl = j) AND (jt >= tb) THEN
    UPDATE pemesanans SET status = "selesai & lunas" WHERE id = pid;
	ELSEIF (sl = j) AND (jt < tb) THEN
    UPDATE pemesanans SET status = "selesai & belum lunas" WHERE id = pid;
	ELSE 
	UPDATE pemesanans SET status = "proses" WHERE id = pid;
	END IF;
    END IF;
END
//
DELIMITER ;

-- --------------------------------------------------------

--
-- Table structure for table `pph_21`
--

CREATE TABLE IF NOT EXISTS `pph_21` (
  `id_pph` int(6) NOT NULL AUTO_INCREMENT,
  `nip` varchar(15) NOT NULL,
  `golongan` enum('Tetap','Kontrak') NOT NULL,
  `tgl_pph` date NOT NULL,
  `pph_sebulan` bigint(20) NOT NULL,
  `pph_setahun` bigint(20) NOT NULL,
  `netto_sebulan` bigint(21) NOT NULL,
  `netto_setahun` bigint(21) NOT NULL,
  PRIMARY KEY (`id_pph`)
) ENGINE=InnoDB DEFAULT CHARSET=latin1 AUTO_INCREMENT=1 ;

-- --------------------------------------------------------

--
-- Table structure for table `produksi`
--

CREATE TABLE IF NOT EXISTS `produksi` (
  `id` int(11) NOT NULL AUTO_INCREMENT,
  `tgl_produksi` date NOT NULL,
  `keterangan` text,
  `upah_kerja` decimal(12,0) NOT NULL DEFAULT '0',
  `pemesanan_id` int(11) NOT NULL,
  PRIMARY KEY (`id`),
  UNIQUE KEY `kd_produksi` (`tgl_produksi`,`pemesanan_id`),
  KEY `pemesanan_id` (`pemesanan_id`)
) ENGINE=InnoDB  DEFAULT CHARSET=latin1 AUTO_INCREMENT=75 ;

--
-- Dumping data for table `produksi`
--

INSERT INTO `produksi` (`id`, `tgl_produksi`, `keterangan`, `upah_kerja`, `pemesanan_id`) VALUES
(14, '2016-05-07', NULL, 19000, 1),
(40, '2016-05-10', 'fasfa', 20000, 13),
(60, '2016-05-31', 'TESSSSS', 15000, 13),
(61, '2016-06-04', 'jojo', 70000, 13),
(63, '2016-06-04', 'sadasda', 70000, 14),
(64, '2016-06-07', NULL, 42342, 15),
(66, '2016-07-29', 'coba hari ini ah', 120000, 16),
(69, '2016-08-26', 'ahay', 6666, 14),
(74, '2016-09-04', NULL, 200000, 16);

--
-- Triggers `produksi`
--
DROP TRIGGER IF EXISTS `auuk_pr`;
DELIMITER //
CREATE TRIGGER `auuk_pr` AFTER UPDATE ON `produksi`
 FOR EACH ROW BEGIN
IF NEW.upah_kerja <> OLD.upah_kerja THEN
  UPDATE produksi_detail SET N_upah = (selesai * NEW.upah_kerja) WHERE produksi_id = OLD.id;
END IF;
END
//
DELIMITER ;

-- --------------------------------------------------------

--
-- Table structure for table `produksi_detail`
--

CREATE TABLE IF NOT EXISTS `produksi_detail` (
  `id` int(11) NOT NULL AUTO_INCREMENT,
  `produksi_id` int(11) NOT NULL,
  `karyawan_id` int(11) NOT NULL,
  `selesai` tinyint(2) DEFAULT NULL,
  `N_upah` decimal(12,0) DEFAULT NULL,
  PRIMARY KEY (`id`),
  KEY `produksi_id` (`produksi_id`),
  KEY `karyawan_id` (`karyawan_id`)
) ENGINE=InnoDB DEFAULT CHARSET=latin1 AUTO_INCREMENT=1 ;

--
-- Triggers `produksi_detail`
--
DROP TRIGGER IF EXISTS `au_prdtl`;
DELIMITER //
CREATE TRIGGER `au_prdtl` AFTER UPDATE ON `produksi_detail`
 FOR EACH ROW BEGIN
    DECLARE pid,prid,j,sl,tb,jt int(12);
    IF NEW.selesai <> OLD.selesai THEN
    select produksi_id into prid from produksi_detail where id = OLD.id;
    select pemesanan_id into pid from produksi where id=prid;
	select jumlah,selesai,N_ttlBiaya,N_jmlTransaksi into j,sl,tb, jt from vpemesanan where id=pid;
	if (sl > j) THEN
	UPDATE pemesanans SET status = "proses" WHERE id = pid;
	ELSEIF (sl = j) AND (jt >= tb) THEN
    UPDATE pemesanans SET status = "selesai & lunas" WHERE id = pid;
	ELSEIF (sl = j) AND (jt < tb) THEN
    UPDATE pemesanans SET status = "selesai & belum lunas" WHERE id = pid;
	ELSE 
	UPDATE pemesanans SET status = "proses" WHERE id = pid;
	END IF;
    END IF;
END
//
DELIMITER ;
DROP TRIGGER IF EXISTS `jnu_bu_prdtl`;
DELIMITER //
CREATE TRIGGER `jnu_bu_prdtl` BEFORE UPDATE ON `produksi_detail`
 FOR EACH ROW BEGIN
    DECLARE uk,prid int(12);
    IF NEW.selesai <> OLD.selesai THEN
    SELECT produksi_id into prid from produksi_detail where id = OLD.id;
    SELECT upah_kerja into uk from produksi where id=prid;
	SET NEW.N_upah = NEW.selesai * uk;
    END IF;
END
//
DELIMITER ;

-- --------------------------------------------------------

--
-- Table structure for table `rekening`
--

CREATE TABLE IF NOT EXISTS `rekening` (
  `No_Rekening` varchar(10) NOT NULL,
  `ID_Nasabah` int(11) NOT NULL,
  `Jenis_Tabungan` int(11) NOT NULL,
  `Saldo` double NOT NULL,
  `Status_Rekening` varchar(11) NOT NULL,
  `Tanggal_Buka` date NOT NULL,
  `Tanggal_Tutup` date DEFAULT NULL,
  PRIMARY KEY (`No_Rekening`),
  KEY `ID_Nasabah` (`ID_Nasabah`),
  KEY `Tipe_Rekening` (`Jenis_Tabungan`)
) ENGINE=InnoDB DEFAULT CHARSET=latin1;

--
-- Dumping data for table `rekening`
--

INSERT INTO `rekening` (`No_Rekening`, `ID_Nasabah`, `Jenis_Tabungan`, `Saldo`, `Status_Rekening`, `Tanggal_Buka`, `Tanggal_Tutup`) VALUES
('325235', 5, 1, 6500000, 'Tetap', '2017-06-13', NULL);

-- --------------------------------------------------------

--
-- Table structure for table `tipe_transaksi`
--

CREATE TABLE IF NOT EXISTS `tipe_transaksi` (
  `ID_Tipe_Transaksi` int(11) NOT NULL AUTO_INCREMENT,
  `Nama_Transaksi` varchar(255) NOT NULL,
  PRIMARY KEY (`ID_Tipe_Transaksi`)
) ENGINE=InnoDB  DEFAULT CHARSET=latin1 AUTO_INCREMENT=6 ;

--
-- Dumping data for table `tipe_transaksi`
--

INSERT INTO `tipe_transaksi` (`ID_Tipe_Transaksi`, `Nama_Transaksi`) VALUES
(1, 'Setoran Tabungan'),
(2, 'Tarik Tunai'),
(3, 'Transfer Sesama Bank'),
(4, 'Transfer Lain Bank'),
(5, 'Transfer Masuk');

-- --------------------------------------------------------

--
-- Table structure for table `transaksi`
--

CREATE TABLE IF NOT EXISTS `transaksi` (
  `ID_Transaksi` int(11) NOT NULL AUTO_INCREMENT,
  `Rekening_Transaksi` varchar(10) NOT NULL,
  `Tipe_Transaksi` int(11) NOT NULL,
  `Tanggal_Transaksi` date NOT NULL,
  PRIMARY KEY (`ID_Transaksi`),
  KEY `Tipe_Transaksi` (`Tipe_Transaksi`),
  KEY `Rekening_Transaksi` (`Rekening_Transaksi`)
) ENGINE=InnoDB  DEFAULT CHARSET=latin1 AUTO_INCREMENT=8 ;

--
-- Dumping data for table `transaksi`
--

INSERT INTO `transaksi` (`ID_Transaksi`, `Rekening_Transaksi`, `Tipe_Transaksi`, `Tanggal_Transaksi`) VALUES
(1, '325235', 1, '2017-06-08'),
(2, '325235', 1, '2017-06-13'),
(3, '325235', 2, '2017-06-16'),
(4, '325235', 4, '2017-06-23'),
(5, '325235', 5, '2017-05-25'),
(6, '325235', 5, '2017-05-18'),
(7, '325235', 1, '2017-05-03');

-- --------------------------------------------------------

--
-- Table structure for table `transfer`
--

CREATE TABLE IF NOT EXISTS `transfer` (
  `ID_Transaksi` int(11) NOT NULL,
  `Rekening_Tujuan` varchar(10) NOT NULL,
  `Jumlah_Dana_Transfer` double NOT NULL,
  KEY `ID_Transaksi` (`ID_Transaksi`,`Rekening_Tujuan`),
  KEY `Rekening_Tujuan` (`Rekening_Tujuan`)
) ENGINE=InnoDB DEFAULT CHARSET=latin1;

--
-- Dumping data for table `transfer`
--

INSERT INTO `transfer` (`ID_Transaksi`, `Rekening_Tujuan`, `Jumlah_Dana_Transfer`) VALUES
(1, '325235', 3000000),
(2, '325235', 500000),
(3, '325235', 800000),
(4, '72392442', 1000000),
(5, '325235', 500000),
(6, '325235', 2000000),
(7, '325235', 500000);

-- --------------------------------------------------------

--
-- Stand-in structure for view `uLembur_dTerlambat`
--
CREATE TABLE IF NOT EXISTS `uLembur_dTerlambat` (
`id` int(11)
,`nip` int(11)
,`id_jabatan` int(11)
,`gaji_pokok` int(11)
,`bulan` varchar(7)
,`pDendaTerlambat` decimal(41,0)
,`gUpahLembur` decimal(38,0)
);
-- --------------------------------------------------------

--
-- Table structure for table `users`
--

CREATE TABLE IF NOT EXISTS `users` (
  `id` int(11) unsigned NOT NULL AUTO_INCREMENT,
  `ip_address` varchar(15) NOT NULL,
  `username` varchar(100) DEFAULT NULL,
  `password` varchar(255) NOT NULL,
  `salt` varchar(255) DEFAULT NULL,
  `email` varchar(100) NOT NULL,
  `activation_code` varchar(40) DEFAULT NULL,
  `forgotten_password_code` varchar(40) DEFAULT NULL,
  `forgotten_password_time` int(11) unsigned DEFAULT NULL,
  `remember_code` varchar(40) DEFAULT NULL,
  `created_on` int(11) unsigned NOT NULL,
  `last_login` int(11) unsigned DEFAULT NULL,
  `active` tinyint(1) unsigned DEFAULT NULL,
  `first_name` varchar(50) DEFAULT NULL,
  `last_name` varchar(50) DEFAULT NULL,
  `company` int(11) NOT NULL,
  `phone` varchar(20) DEFAULT NULL,
  PRIMARY KEY (`id`)
) ENGINE=InnoDB  DEFAULT CHARSET=utf8 AUTO_INCREMENT=51 ;

--
-- Dumping data for table `users`
--

INSERT INTO `users` (`id`, `ip_address`, `username`, `password`, `salt`, `email`, `activation_code`, `forgotten_password_code`, `forgotten_password_time`, `remember_code`, `created_on`, `last_login`, `active`, `first_name`, `last_name`, `company`, `phone`) VALUES
(1, '127.0.0.1', 'administrator', '$2y$08$awmXZkEx3IdfdQr5qQjQLe8vVA4lqpg/sLLg.zBmfcskQNr/GjAtO', '', 'admin@admin.com', '', NULL, NULL, 'dew74/R8OZfuLqRa4LGGqu', 1268889823, 1499733014, 1, 'Admin', 'istrator', 0, '088888888888'),
(3, '::1', '10113183', '$2y$08$w9oX4m/Noel8/hn.mGKCluZHlz6UCgaQ5rC7.qs26mFRY4BHTLhWC', NULL, 'karyawan_10113183@gmail.com', NULL, NULL, NULL, NULL, 1492864694, NULL, 1, 'ADI', ' AULIA D', 10113183, NULL),
(4, '::1', '10113233', '$2y$08$tOMGXQUItiWVTVrI3JyjbunnsVcCWUz1sTh9si5QJyPZWOMNlQ6PW', NULL, 'karyawan_10113233@gmail.com', NULL, NULL, NULL, NULL, 1492864694, NULL, 1, 'ADITYA', ' FAJAR DEWANTO', 10113233, NULL),
(5, '::1', '10113276', '$2y$08$VQETmWbhGIRUY9yZDXYC4u49422OPSS/9HZmX4x2/xlSDF5BYGoQi', NULL, 'karyawan_10113276@gmail.com', NULL, NULL, NULL, NULL, 1492864694, 1499728269, 1, 'ADVENTIO', ' CHRISTIANO APITU', 10113276, ''),
(6, '::1', '10113329', '$2y$08$HXIf3GqwmA5EkzGkckGCZe3AU5qeboShVrnuP3EnCpecPohnha2r2', NULL, 'karyawan_10113329@gmail.com', NULL, NULL, NULL, NULL, 1492864695, NULL, 1, 'AGNES', ' SEKAR MAHARDHIKA', 10113329, NULL),
(7, '::1', '10113358', '$2y$08$WrMwfeVFnitHIvboqfcJzeXhmPLc7Pulpb5/pEoKGXeDeqNPS5AGi', NULL, 'karyawan_10113358@gmail.com', NULL, NULL, NULL, NULL, 1492864695, NULL, 1, 'AGUNG', ' SANTA NUGRAHA', 10113358, NULL),
(8, '::1', '10113935', '$2y$08$N1rOpW90Ex6lfbHXRb6kJeNpYD3s.QFhONajzHLuBKNx9SA1a57wi', NULL, 'karyawan_10113935@gmail.com', NULL, NULL, NULL, NULL, 1492864695, NULL, 1, 'ANDREAS', ' PERKASA GINTING S', 10113935, NULL),
(9, '::1', '11113176', '$2y$08$I.9CfxGiDqmu16lnLQIQtOXrSrhgNegS6d6pxHcRFMYl6GgaLpUkW', NULL, 'karyawan_11113176@gmail.com', NULL, NULL, NULL, NULL, 1492864695, NULL, 1, 'ANTHONY', ' MARTONO', 11113176, NULL),
(10, '::1', '11113400', '$2y$08$.XCwFacV/0ITJvDPjlR73utDM1qJWaqtUo6K36QDE01A/W0Y9OTlq', NULL, 'karyawan_11113400@gmail.com', NULL, NULL, NULL, NULL, 1492864696, NULL, 1, 'ARTAGA', ' BUNAIYA', 11113400, NULL),
(11, '::1', '11113519', '$2y$08$PvBCmxVaq3.0VBfSDoug4ugDfdfcYZO/bVwQ68LJv7x38T.SHEbRS', NULL, 'karyawan_11113519@gmail.com', NULL, NULL, NULL, NULL, 1492864696, NULL, 1, 'AVIANTINO', ' CLEO SANTANA', 11113519, NULL),
(12, '::1', '11113612', '$2y$08$Bd.ESc8OMewW.PaXmfwPvunm2rn81tZAlrfmgQupB2JYtkKiQ8caK', NULL, 'karyawan_11113612@gmail.com', NULL, NULL, NULL, NULL, 1492864696, NULL, 1, 'BAGUS', ' GUNTUR', 11113612, NULL),
(13, '::1', '11113679', '$2y$08$27MDVMpurfpqpO5jnySyWeXryL0Lb.SkoV7ybqIAW0NfyuJbUgkUm', NULL, 'karyawan_11113679@gmail.com', NULL, NULL, NULL, NULL, 1492864696, NULL, 1, 'BAYU', ' SYAITS DHIN ANWAR', 11113679, NULL),
(14, '::1', '11113867', '$2y$08$dlWYP5EyURzE98.Mmt0AZu39aNQemAVhv4c2Kwp7I2RYEAkowyatW', NULL, 'karyawan_11113867@gmail.com', NULL, NULL, NULL, NULL, 1492864696, NULL, 1, 'CHANDRA', ' FEBRIAWAN', 11113867, NULL),
(15, '::1', '11113966', '$2y$08$5S2p0s7YYt.kke4KSJ0/aO5aXsZwqQiDGBTCostxJTtk6mKl4GpPO', NULL, 'karyawan_11113966@gmail.com', NULL, NULL, NULL, NULL, 1492864696, NULL, 1, 'CUT MUDA', ' MALIM', 11113966, NULL),
(16, '::1', '12113020', '$2y$08$VYrCw0o0r/WupCpLG5Gp6uxsD5F/61u.B958fiDY82A33AbLGE1xG', NULL, 'karyawan_12113020@gmail.com', NULL, NULL, NULL, NULL, 1492864696, NULL, 1, 'DANIEL', ' PANDAPOTAN SIMORAN', 12113020, NULL),
(17, '::1', '12113193', '$2y$08$CVWDM1rMBpJDexl4CB7YK.o2eb7F4QxmTkbR6I8/OMBICv8jLPrCy', NULL, 'karyawan_12113193@gmail.com', NULL, NULL, NULL, NULL, 1492864696, NULL, 1, 'DERI', ' AGUSTIN', 12113193, NULL),
(18, '::1', '12113269', '$2y$08$Z7Zvs7F97Ok44seZqmAz6u234aFkp7bGU2pKAdUHo3vOqUEqyzV7i', NULL, 'karyawan_12113269@gmail.com', NULL, NULL, NULL, NULL, 1492864696, NULL, 1, 'DEVIN', ' PASYA', 12113269, NULL),
(19, '::1', '12113504', '$2y$08$gaA6n0viKVNjNKwrOViqbenI8tMjxFizrt8BbZWBpkoqLukLP0kVS', NULL, 'karyawan_12113504@gmail.com', NULL, NULL, NULL, NULL, 1492864696, NULL, 1, 'DIMAS', ' PRAMUDITA', 12113504, NULL),
(20, '::1', '12113607', '$2y$08$04euuVr1AIUSI.xuk0ebrO2VN0EJTBa23IDCcLupjWAGKArfAR2I6', NULL, 'karyawan_12113607@gmail.com', NULL, NULL, NULL, NULL, 1492864697, NULL, 1, 'DITA', ' LOGIARTI', 12113607, NULL),
(21, '::1', '12113684', '$2y$08$AxLIOfz3ErxwkKEKDCE3GuATk6l8lX0Rw8Jvj1PxG/SZVzDEGHyCO', NULL, 'karyawan_12113684@gmail.com', NULL, NULL, NULL, NULL, 1492864697, NULL, 1, 'DWI', ' NUR RAHMAWATI', 12113684, NULL),
(22, '::1', '12113976', '$2y$08$43Vyo36Jks997lIp2K6hY.SqpNJF9HhIvDPRb0Gd8MiylBNx7fooO', NULL, 'karyawan_12113976@gmail.com', NULL, NULL, NULL, NULL, 1492864697, NULL, 1, 'ERWIN', ' RIO FADILAH', 12113976, NULL),
(23, '::1', '13113098', '$2y$08$o9.0aGs4KWZshAO0wTZgfu0/OM1OMxRKILa6zGOZu2rRBEsxHRS1G', NULL, 'karyawan_13113098@gmail.com', NULL, NULL, NULL, NULL, 1492864697, NULL, 1, 'FAHRULI', ' ', 13113098, NULL),
(24, '::1', '13113622', '$2y$08$mJSrM5enD4cEWR6Nk1bWjOobrKVvNiHyOMVeegwFBKK1WgDW0zL4i', NULL, 'karyawan_13113622@gmail.com', NULL, NULL, NULL, NULL, 1492864697, NULL, 1, 'GALIH', ' NURMANSYAH', 13113622, NULL),
(25, '::1', '14113181', '$2y$08$LNo4JmCC0edxOsNU3d6pKuF3Vzej2gvlPPuDh6EAl0wkirjS0R1OK', NULL, 'karyawan_14113181@gmail.com', NULL, NULL, NULL, NULL, 1492864697, NULL, 1, 'IBNU', ' SYAEBANI', 14113181, NULL),
(26, '::1', '14113317', '$2y$08$kVoyZ5ZSJP4XktIxK8Bw1eT3TdlEOVIkQ48vLbT5.zKZoXk4cyZAS', NULL, 'karyawan_14113317@gmail.com', NULL, NULL, NULL, NULL, 1492864697, NULL, 1, 'IMAM', ' SETYA UTAMA', 14113317, NULL),
(27, '::1', '14113483', '$2y$08$NUDROSSBY745OfTyOYQ8Cey8dBNq8/dlbVSXm7ajZ/O7cA.qk9rzu', NULL, 'karyawan_14113483@gmail.com', NULL, NULL, NULL, NULL, 1492864697, NULL, 1, 'IRFAN', ' SETYADI YAHYA', 14113483, NULL),
(28, '::1', '15113079', '$2y$08$Mn2O49ruWfZdkgM0/gS9kuRpAWs7MBDNaB1aGd6LgAkw5pzj1EfIm', NULL, 'karyawan_15113079@gmail.com', NULL, NULL, NULL, NULL, 1492864697, NULL, 1, 'LUTFI', ' FEBRIANTO', 15113079, NULL),
(29, '::1', '15113109', '$2y$08$Nz72eB6BbSbOMX0DPyAtCu6O9nD3YgmmFnKzUFD06YGrlLDWNsLde', NULL, 'karyawan_15113109@gmail.com', NULL, NULL, NULL, NULL, 1492864697, NULL, 1, 'M ADITYA', ' RAHMAN', 15113109, NULL),
(30, '::1', '15113523', '$2y$08$0gnwGwdQMiKkG8XDKvhMgeuWdKSiQawNuK2LuCW1oBou3ww/RUmBm', NULL, 'karyawan_15113523@gmail.com', NULL, NULL, NULL, NULL, 1492864698, NULL, 1, 'MOCH IRPAN', ' KANANI', 15113523, NULL),
(31, '::1', '15113641', '$2y$08$7oo2dFXaW6QsOIRKtNLq3uuueOpOdl218xoxvuMFk44T8SbAyZ0sm', NULL, 'karyawan_15113641@gmail.com', NULL, NULL, NULL, NULL, 1492864698, NULL, 1, 'MOHAMMAD RIZKY', ' MAULANA RI', 15113641, NULL),
(32, '::1', '15113997', '$2y$08$YrLf7IT/769rQqa3uIYLM.LLA1duxWQsQ52zHNqW0hMomvVeomFMO', NULL, 'karyawan_15113997@gmail.com', NULL, NULL, NULL, NULL, 1492864698, NULL, 1, 'MUHAMMAD IQBAL', ' NAUFAL', 15113997, NULL),
(33, '::1', '16113049', '$2y$08$Y/9ijL13NROyLcfmcAngDuGDdEEZvQe5C8ftczItSaUhbfJFEjIfK', NULL, 'karyawan_16113049@gmail.com', NULL, NULL, NULL, NULL, 1492864698, NULL, 1, 'MUHAMMAD NOORIANDA', ' KURNIA', 16113049, NULL),
(34, '::1', '16113303', '$2y$08$imraDdUzJtwHv9XvfqgUk.Y2.jVgzE39ZrC30ZQ7d5HPO9qpfTZRW', NULL, 'karyawan_16113303@gmail.com', NULL, NULL, NULL, NULL, 1492864698, NULL, 1, 'NADYAWATI', ' JASMIEN P', 16113303, NULL),
(35, '::1', '16113348', '$2y$08$7lBjTO1G7LEwTkj4rCpiluUCswaNL5c9es6HLkQoi3ivmw6tHatTW', NULL, 'karyawan_16113348@gmail.com', NULL, NULL, NULL, NULL, 1492864698, NULL, 1, 'NATANAEL', ' ', 16113348, NULL),
(36, '::1', '16113433', '$2y$08$mqiAGmqXzxQbyCvXejSG0ODWbbG0SzKAoVz1hGc6xH/8zt/O3OnsS', NULL, 'karyawan_16113433@gmail.com', NULL, NULL, NULL, NULL, 1492864698, NULL, 1, 'NIKEN', ' PRATIWI', 16113433, NULL),
(37, '::1', '16113789', '$2y$08$XSAM/jtgHcE5nQCM7pqSW.HevOvmR.P8ukCAYzL.xRj5cg8OhvWMW', NULL, 'karyawan_16113789@gmail.com', NULL, NULL, NULL, NULL, 1492864698, NULL, 1, 'OMEGA', ' SHINTAULY', 16113789, NULL),
(38, '::1', '16113817', '$2y$08$uMi3lmBOpPNPP3/31LN6.OoyI6b00PYH8SAEUQocTx6jnzw2q.FKC', NULL, 'panjieko.pey@gmail.com', NULL, NULL, NULL, NULL, 1492864698, 1499745971, 1, 'Panji', 'Eko yuniarso', 16113817, '081319026682'),
(39, '::1', '17113494', '$2y$08$/3t0R9PnQNzT7accxpsThu6tVdsH9w4CFGYxwJ8/1wFcnOirUgoae', NULL, 'karyawan_17113494@gmail.com', NULL, NULL, NULL, NULL, 1492864698, NULL, 1, 'REZA', ' DESTRIANSYAH', 17113494, NULL),
(40, '::1', '18113280', '$2y$08$EtnC7zH2i.7uUrc7QYQqReDO1PQuivJtjLOhXLHEm1Y.epMBJy52K', NULL, 'karyawan_18113280@gmail.com', NULL, NULL, NULL, NULL, 1492864698, NULL, 1, 'SARI', ' WIJAYA', 18113280, NULL),
(41, '::1', '18113452', '$2y$08$olBbpZvEHLQoedMFMXDdPOzE4Iv/Z2393MEhyUjQBc4O/HBi1nxQu', NULL, 'karyawan_18113452@gmail.com', NULL, NULL, NULL, NULL, 1492864699, NULL, 1, 'SHINTA', ' JANATI M', 18113452, NULL),
(42, '::1', '18113474', '$2y$08$A1Pu4BEJJ16Fgfk5wEU1feo1W1vb5Z11sBu2UOXZwM8bh2kMCbH1e', NULL, 'karyawan_18113474@gmail.com', NULL, NULL, NULL, NULL, 1492864699, NULL, 1, 'SIGIT', ' HADI PURNOMO', 18113474, NULL),
(43, '::1', '18113600', '$2y$08$1mbVni29pleUgsnd6S/zkuIiijkLwGxgsoXHG74Z.sRWQ5edqxCRq', NULL, 'karyawan_18113600@gmail.com', NULL, NULL, NULL, NULL, 1492864699, NULL, 1, 'SOLAHUDIN', ' ', 18113600, NULL),
(44, '::1', '18113656', '$2y$08$lzy9Bg3ynXuCRDmTeowfI.ozY0mdyOqXVLV8HeNhOJiwnOCzMQch2', NULL, 'karyawan_18113656@gmail.com', NULL, NULL, NULL, NULL, 1492864699, NULL, 1, 'SUCI', ' FAJARWATI RAMADHAN', 18113656, NULL),
(45, '::1', '18113855', '$2y$08$htOe8mI9Gi8AczSm9pguIuPK7ps1ypXQ3CGqWaCg6jBGSfID.ah1i', NULL, 'karyawan_18113855@gmail.com', NULL, NULL, NULL, NULL, 1492864699, NULL, 1, 'TEUKU', ' FATAHILLAH MOEDA', 18113855, NULL),
(46, '::1', '19113306', '$2y$08$ZgWNvPZ1FhsHt8pP1.E76.BUHOVpm3xmxp2ARaHJtjuLI9BVgt1BG', NULL, 'karyawan_19113306@gmail.com', NULL, NULL, NULL, NULL, 1492864699, NULL, 1, 'WILSON', ' ALEKSANDER G', 19113306, NULL),
(47, '::1', '19113479', '$2y$08$b8OntCze2o5jzE1aDyYqpuToY2d/JC/rJzQdfsxvraOOi/.cGTvyy', NULL, 'karyawan_19113479@gmail.com', NULL, NULL, NULL, NULL, 1492864699, NULL, 1, 'YOGY', ' MAULANA FERRY', 19113479, NULL),
(48, '::1', '19113625', '$2y$08$AeHHOMs114JwEUAihJrD6OIy8Mhf8eh9YFjsIxChnhX6Gelzz5VDC', NULL, 'karyawan_19113625@gmail.com', NULL, NULL, NULL, NULL, 1492864699, NULL, 1, 'YUSLIANA', ' ISKANTIKA', 19113625, NULL),
(49, '::1', '19113678', '$2y$08$vyVVB/P5olvs74dH/R2QTOUFKv3mJy3xgrSq/oOq9QFWAWXyvI0rS', NULL, 'karyawan_19113678@gmail.com', NULL, NULL, NULL, NULL, 1492864700, NULL, 1, 'ZULFA', ' NUR', 19113678, NULL),
(50, '::1', '19113684', '$2y$08$MngkoutmRU6AcoHK.zN1suHD4p704jo52khxAMqtWRdl7Qp0i8XBm', NULL, 'karyawan_19113684@gmail.com', NULL, NULL, NULL, NULL, 1492864700, NULL, 1, 'ZULFIKAR', ' R L', 19113684, NULL);

-- --------------------------------------------------------

--
-- Table structure for table `users_groups`
--

CREATE TABLE IF NOT EXISTS `users_groups` (
  `id` int(11) unsigned NOT NULL AUTO_INCREMENT,
  `user_id` int(11) unsigned NOT NULL,
  `group_id` mediumint(8) unsigned NOT NULL,
  PRIMARY KEY (`id`)
) ENGINE=InnoDB  DEFAULT CHARSET=utf8 AUTO_INCREMENT=50 ;

--
-- Dumping data for table `users_groups`
--

INSERT INTO `users_groups` (`id`, `user_id`, `group_id`) VALUES
(1, 1, 1),
(2, 3, 1),
(3, 4, 1),
(4, 5, 1),
(5, 6, 1),
(6, 7, 1),
(7, 8, 1),
(8, 9, 1),
(9, 10, 1),
(10, 11, 1),
(11, 12, 1),
(12, 13, 1),
(13, 14, 1),
(14, 15, 1),
(15, 16, 1),
(16, 17, 1),
(17, 18, 1),
(18, 19, 1),
(19, 20, 1),
(20, 21, 1),
(21, 22, 1),
(22, 23, 1),
(23, 24, 1),
(24, 25, 1),
(25, 26, 1),
(26, 27, 1),
(27, 28, 1),
(28, 29, 1),
(29, 30, 1),
(30, 31, 1),
(31, 32, 1),
(32, 33, 1),
(33, 34, 1),
(34, 35, 1),
(35, 36, 1),
(36, 37, 1),
(37, 38, 1),
(38, 39, 1),
(39, 40, 1),
(40, 41, 1),
(41, 42, 1),
(42, 43, 1),
(43, 44, 1),
(44, 45, 1),
(45, 46, 1),
(46, 47, 1),
(47, 48, 1),
(48, 49, 1),
(49, 50, 1);

-- --------------------------------------------------------

--
-- Stand-in structure for view `vabsensi`
--
CREATE TABLE IF NOT EXISTS `vabsensi` (
`id` int(11)
,`nip` int(11)
,`nama` varchar(20)
,`keterangan` enum('Alfa','Hadir','Izin','Sakit','Cuti')
,`tanggal` varchar(10)
,`jam_masuk` varchar(13)
,`jam_keluar` varchar(13)
,`jam_telat` decimal(7,1)
,`denda_terlambat` bigint(14)
,`jam_lembur` decimal(7,1)
);
-- --------------------------------------------------------

--
-- Stand-in structure for view `vap_today`
--
CREATE TABLE IF NOT EXISTS `vap_today` (
`id` int(11)
,`karyawan_id` int(11)
,`tgl_produksi` date
,`pemesanan_id` int(11)
,`selesai` tinyint(2)
,`N_upah` decimal(12,0)
);
-- --------------------------------------------------------

--
-- Stand-in structure for view `vbiaya_jasa_karyawan`
--
CREATE TABLE IF NOT EXISTS `vbiaya_jasa_karyawan` (
`p_id` int(11)
,`karyawan_id` int(11)
,`jml_selesai` decimal(25,0)
,`N_bupah` decimal(34,0)
);
-- --------------------------------------------------------

--
-- Stand-in structure for view `VD_Nasabah`
--
CREATE TABLE IF NOT EXISTS `VD_Nasabah` (
`ID_Nasabah` int(11)
,`Nama_Lengkap` varchar(255)
,`Jenis_Kelamin` enum('LAKI-LAKI','PEREMPUAN')
,`No_Hp` varchar(13)
,`Email` varchar(255)
,`No_Rekening` varchar(10)
,`Jenis_Tabungan` varchar(255)
,`Saldo` double
,`Tanggal_Buka` date
);
-- --------------------------------------------------------

--
-- Stand-in structure for view `VD_Transaksi`
--
CREATE TABLE IF NOT EXISTS `VD_Transaksi` (
`ID_Transaksi` int(11)
,`Rekening_Transaksi` varchar(10)
,`Rekening_Tujuan` varchar(10)
,`Nominal` double
,`Tipe_Transaksi` varchar(255)
,`Tanggal_Transaksi` date
,`Bulan` varchar(7)
);
-- --------------------------------------------------------

--
-- Stand-in structure for view `vkaryawan`
--
CREATE TABLE IF NOT EXISTS `vkaryawan` (
`id` int(11)
,`first_name` varchar(20)
,`last_name` varchar(20)
,`full_name` varchar(41)
,`alamat` text
,`jenis_kelamin` enum('Laki-Laki','Perempuan')
,`tempat_lahir` varchar(50)
,`tgl_lahir` date
,`agama` enum('ISLAM','KRISTEN','KATHOLIK','HINDU','BUDHA','KONGHUCHU')
,`status` enum('Lajang','Kawin')
,`email` varchar(30)
,`phone` char(12)
,`id_departemen` int(11)
,`nama_departemen` varchar(25)
,`id_jabatan` int(11)
,`nama_jabatan` varchar(25)
,`status_pegawai` enum('Tetap','Kontrak')
,`masa_kerja` date
,`no_rekening` varchar(30)
,`foto` varchar(255)
,`npwp` varchar(30)
,`active` tinyint(1)
,`usia` double(17,0)
,`userID` int(11) unsigned
);
-- --------------------------------------------------------

--
-- Stand-in structure for view `vlembur`
--
CREATE TABLE IF NOT EXISTS `vlembur` (
`id` int(11)
,`id_absensi` int(11)
,`nip` int(11)
,`tanggal` varchar(10)
,`jam_mulai` varchar(13)
,`jam_selesai` varchar(13)
,`upah` bigint(20)
,`tUpahLembur` decimal(16,0)
);
-- --------------------------------------------------------

--
-- Stand-in structure for view `vpemesanan`
--
CREATE TABLE IF NOT EXISTS `vpemesanan` (
`id` int(11)
,`kode_pesanan` varchar(5)
,`tgl_pemesanan` date
,`tgl_pengambilan` date
,`limit_hari` int(7)
,`jenis` varchar(100)
,`jumlah` int(2)
,`selesai` decimal(47,0)
,`N_ttlBiaya` decimal(65,0)
,`N_jmlTransaksi` decimal(34,0)
,`N_sisa_bayar` decimal(65,0)
,`keterangan` text
,`status` varchar(21)
,`image_url` varchar(300)
,`pelanggan_id` int(11)
,`prosentase` varchar(53)
);
-- --------------------------------------------------------

--
-- Stand-in structure for view `vpemesanan2`
--
CREATE TABLE IF NOT EXISTS `vpemesanan2` (
`id` int(11)
,`kode_pesanan` varchar(5)
,`tgl_pemesanan` date
,`tgl_pengambilan` date
,`jenis` varchar(100)
,`jumlah` int(2)
,`selesai` decimal(47,0)
,`N_ttlBiaya` decimal(65,0)
,`N_jmlTransaksi` decimal(34,0)
,`keterangan` text
,`status` enum('proses','selesai & belum lunas','selesai & lunas')
,`image_url` varchar(300)
,`pelanggan_id` int(11)
);
-- --------------------------------------------------------

--
-- Stand-in structure for view `vpemesanan_biaya`
--
CREATE TABLE IF NOT EXISTS `vpemesanan_biaya` (
`id` int(11)
,`N_biaya_bhnbaku` decimal(34,0)
,`N_biaya_jasa` decimal(56,0)
,`N_biaya_tambahan` decimal(12,0)
,`pemesanan_id` int(11)
);
-- --------------------------------------------------------

--
-- Stand-in structure for view `vproduksi`
--
CREATE TABLE IF NOT EXISTS `vproduksi` (
`id` int(11)
,`tgl_produksi` date
,`keterangan` text
,`jml_selesai` decimal(25,0)
,`N_upah` decimal(34,0)
,`pemesanan_id` int(11)
);
-- --------------------------------------------------------

--
-- Structure for view `infoDendaAlfa`
--
DROP TABLE IF EXISTS `infoDendaAlfa`;

CREATE ALGORITHM=UNDEFINED DEFINER=`root`@`localhost` SQL SECURITY DEFINER VIEW `infoDendaAlfa` AS select `da`.`nip` AS `nip`,date_format(`da`.`waktu_masuk`,'%Y-%M') AS `bulan`,count(`da`.`id`) AS `tidakHadir`,(count(`da`.`id`) * (select `config`.`dendaAlfa` from `config`)) AS `denda` from (`data_absensi` `da` left join `vlembur` `vdl` on((`da`.`id` = `vdl`.`id_absensi`))) where (`da`.`keterangan` = 'Alfa') group by `da`.`nip`;

-- --------------------------------------------------------

--
-- Structure for view `uLembur_dTerlambat`
--
DROP TABLE IF EXISTS `uLembur_dTerlambat`;

CREATE ALGORITHM=UNDEFINED DEFINER=`root`@`localhost` SQL SECURITY DEFINER VIEW `uLembur_dTerlambat` AS select `va`.`id` AS `id`,`va`.`nip` AS `nip`,`k`.`id_jabatan` AS `id_jabatan`,`j`.`gaji_pokok` AS `gaji_pokok`,date_format(`va`.`tanggal`,'%Y-%m') AS `bulan`,sum(`va`.`denda_terlambat`) AS `pDendaTerlambat`,sum(`vl`.`tUpahLembur`) AS `gUpahLembur` from (((`vabsensi` `va` left join `karyawan` `k` on((`va`.`nip` = `k`.`id`))) left join `jabatan` `j` on((`k`.`id_jabatan` = `j`.`id`))) left join `vlembur` `vl` on((`vl`.`id_absensi` = `va`.`id`))) where ((`va`.`keterangan` = 'Hadir') and (date_format(`va`.`tanggal`,'%Y-%m') = date_format(curdate(),'%Y-%m'))) group by `va`.`nip`;

-- --------------------------------------------------------

--
-- Structure for view `vabsensi`
--
DROP TABLE IF EXISTS `vabsensi`;

CREATE ALGORITHM=UNDEFINED DEFINER=`root`@`localhost` SQL SECURITY DEFINER VIEW `vabsensi` AS select distinct `data_absensi`.`id` AS `id`,`data_absensi`.`nip` AS `nip`,`karyawan`.`first_name` AS `nama`,`data_absensi`.`keterangan` AS `keterangan`,date_format(`data_absensi`.`waktu_masuk`,'%Y-%m-%d') AS `tanggal`,time_format(`data_absensi`.`waktu_masuk`,'%H:%i:%s') AS `jam_masuk`,time_format(`data_absensi`.`waktu_keluar`,'%H:%i:%s') AS `jam_keluar`,cast(if(((time_to_sec(timediff(date_format(`data_absensi`.`waktu_masuk`,'%H:%i:%s'),(select `config`.`jamMasuk` from `config`))) / 3600) <= 0),0,(time_to_sec(timediff(date_format(`data_absensi`.`waktu_masuk`,'%H:%i:%s'),(select `config`.`jamMasuk` from `config`))) / 3600)) as decimal(7,1)) AS `jam_telat`,floor((cast(if(((time_to_sec(timediff(date_format(`data_absensi`.`waktu_masuk`,'%H:%i:%s'),(select `config`.`jamMasuk` from `config`))) / 3600) <= 0),0,(time_to_sec(timediff(date_format(`data_absensi`.`waktu_masuk`,'%H:%i:%s'),(select `config`.`jamMasuk` from `config`))) / 3600)) as decimal(7,1)) * 10000)) AS `denda_terlambat`,cast(ifnull((time_to_sec(timediff(`data_lembur`.`waktu_selesai`,`data_lembur`.`waktu_mulai`)) / 3600),0) as decimal(7,1)) AS `jam_lembur` from ((`data_absensi` left join `karyawan` on((`data_absensi`.`nip` = `karyawan`.`id`))) left join `data_lembur` on((`data_absensi`.`id` = `data_lembur`.`id_absensi`)));

-- --------------------------------------------------------

--
-- Structure for view `vap_today`
--
DROP TABLE IF EXISTS `vap_today`;

CREATE ALGORITHM=UNDEFINED DEFINER=`root`@`localhost` SQL SECURITY DEFINER VIEW `vap_today` AS select `prdtl`.`produksi_id` AS `id`,`prdtl`.`karyawan_id` AS `karyawan_id`,`pr`.`tgl_produksi` AS `tgl_produksi`,`pr`.`pemesanan_id` AS `pemesanan_id`,`prdtl`.`selesai` AS `selesai`,`prdtl`.`N_upah` AS `N_upah` from (`produksi` `pr` left join `produksi_detail` `prdtl` on((`pr`.`id` = `prdtl`.`produksi_id`))) order by `pr`.`tgl_produksi`;

-- --------------------------------------------------------

--
-- Structure for view `vbiaya_jasa_karyawan`
--
DROP TABLE IF EXISTS `vbiaya_jasa_karyawan`;

CREATE ALGORITHM=UNDEFINED DEFINER=`root`@`localhost` SQL SECURITY DEFINER VIEW `vbiaya_jasa_karyawan` AS select distinct `p`.`id` AS `p_id`,`prdtl`.`karyawan_id` AS `karyawan_id`,(select sum(`prdtl`.`selesai`) AS `jml_selesai` from (`produksi_detail` `prdtl` join `produksi` `pr`) where ((`prdtl`.`karyawan_id` = `k`.`id`) and (`prdtl`.`produksi_id` = `pr`.`id`) and (`pr`.`pemesanan_id` = `p`.`id`))) AS `jml_selesai`,(select sum(`prdtl`.`N_upah`) AS `N_upah` from (`produksi_detail` `prdtl` join `produksi` `pr`) where ((`prdtl`.`karyawan_id` = `k`.`id`) and (`prdtl`.`produksi_id` = `pr`.`id`) and (`pr`.`pemesanan_id` = `p`.`id`))) AS `N_bupah` from (((`karyawan` `k` left join `produksi_detail` `prdtl` on((`k`.`id` = `prdtl`.`karyawan_id`))) left join `produksi` `pr` on((`pr`.`id` = `prdtl`.`produksi_id`))) left join `pemesanans` `p` on((`p`.`id` = `pr`.`pemesanan_id`))) order by `p`.`id`;

-- --------------------------------------------------------

--
-- Structure for view `VD_Nasabah`
--
DROP TABLE IF EXISTS `VD_Nasabah`;

CREATE ALGORITHM=UNDEFINED DEFINER=`root`@`localhost` SQL SECURITY DEFINER VIEW `VD_Nasabah` AS select `nas`.`ID_Nasabah` AS `ID_Nasabah`,`nas`.`Nama_Lengkap` AS `Nama_Lengkap`,`nas`.`Jenis_Kelamin` AS `Jenis_Kelamin`,`nas`.`No_Hp` AS `No_Hp`,`nas`.`Email` AS `Email`,`rek`.`No_Rekening` AS `No_Rekening`,`jtab`.`Jenis_Tabungan` AS `Jenis_Tabungan`,`rek`.`Saldo` AS `Saldo`,`rek`.`Tanggal_Buka` AS `Tanggal_Buka` from ((`rekening` `rek` left join `nasabah` `nas` on((`rek`.`ID_Nasabah` = `nas`.`ID_Nasabah`))) left join `jenis_tabungan` `jtab` on((`rek`.`Jenis_Tabungan` = `jtab`.`ID_Jenis_Tabungan`)));

-- --------------------------------------------------------

--
-- Structure for view `VD_Transaksi`
--
DROP TABLE IF EXISTS `VD_Transaksi`;

CREATE ALGORITHM=UNDEFINED DEFINER=`root`@`localhost` SQL SECURITY DEFINER VIEW `VD_Transaksi` AS select `t1`.`ID_Transaksi` AS `ID_Transaksi`,`t1`.`Rekening_Transaksi` AS `Rekening_Transaksi`,`t2`.`Rekening_Tujuan` AS `Rekening_Tujuan`,`t2`.`Jumlah_Dana_Transfer` AS `Nominal`,`t3`.`Nama_Transaksi` AS `Tipe_Transaksi`,`t1`.`Tanggal_Transaksi` AS `Tanggal_Transaksi`,date_format(`t1`.`Tanggal_Transaksi`,'%Y-%m') AS `Bulan` from ((`transfer` `t2` left join `transaksi` `t1` on((`t2`.`ID_Transaksi` = `t1`.`ID_Transaksi`))) left join `tipe_transaksi` `t3` on((`t1`.`Tipe_Transaksi` = `t3`.`ID_Tipe_Transaksi`)));

-- --------------------------------------------------------

--
-- Structure for view `vkaryawan`
--
DROP TABLE IF EXISTS `vkaryawan`;

CREATE ALGORITHM=UNDEFINED DEFINER=`root`@`localhost` SQL SECURITY DEFINER VIEW `vkaryawan` AS select `karyawan`.`id` AS `id`,`karyawan`.`first_name` AS `first_name`,`karyawan`.`last_name` AS `last_name`,concat(`karyawan`.`first_name`,' ',`karyawan`.`last_name`) AS `full_name`,`karyawan`.`alamat` AS `alamat`,`karyawan`.`jenis_kelamin` AS `jenis_kelamin`,`karyawan`.`tempat_lahir` AS `tempat_lahir`,`karyawan`.`tgl_lahir` AS `tgl_lahir`,`karyawan`.`agama` AS `agama`,`karyawan`.`status` AS `status`,`karyawan`.`email` AS `email`,`karyawan`.`phone` AS `phone`,`karyawan`.`id_departemen` AS `id_departemen`,`departemen`.`nama_departemen` AS `nama_departemen`,`karyawan`.`id_jabatan` AS `id_jabatan`,`jabatan`.`nama_jabatan` AS `nama_jabatan`,`karyawan`.`status_pegawai` AS `status_pegawai`,`karyawan`.`masa_kerja` AS `masa_kerja`,`karyawan`.`no_rekening` AS `no_rekening`,`karyawan`.`foto` AS `foto`,`karyawan`.`npwp` AS `npwp`,`karyawan`.`active` AS `active`,(date_format(curdate(),'%Y') - date_format(`karyawan`.`tgl_lahir`,'%Y')) AS `usia`,`users`.`id` AS `userID` from (((`karyawan` left join `users` on((`karyawan`.`userID` = `users`.`id`))) left join `jabatan` on((`karyawan`.`id_jabatan` = `jabatan`.`id`))) left join `departemen` on((`karyawan`.`id_departemen` = `departemen`.`id`)));

-- --------------------------------------------------------

--
-- Structure for view `vlembur`
--
DROP TABLE IF EXISTS `vlembur`;

CREATE ALGORITHM=UNDEFINED DEFINER=`root`@`localhost` SQL SECURITY DEFINER VIEW `vlembur` AS select distinct `dl`.`id` AS `id`,`da`.`id` AS `id_absensi`,`da`.`nip` AS `nip`,date_format(`da`.`waktu_masuk`,'%Y-%m-%d') AS `tanggal`,time_format(`dl`.`waktu_mulai`,'%H:%i:%s') AS `jam_mulai`,time_format(`dl`.`waktu_selesai`,'%H:%i:%s') AS `jam_selesai`,`dl`.`upah_lembur` AS `upah`,floor((cast((time_to_sec(timediff(`dl`.`waktu_selesai`,`dl`.`waktu_mulai`)) / 3600) as decimal(7,2)) * `dl`.`upah_lembur`)) AS `tUpahLembur` from (`data_lembur` `dl` left join `data_absensi` `da` on((`dl`.`id_absensi` = `da`.`id`)));

-- --------------------------------------------------------

--
-- Structure for view `vpemesanan`
--
DROP TABLE IF EXISTS `vpemesanan`;

CREATE ALGORITHM=UNDEFINED DEFINER=`root`@`localhost` SQL SECURITY DEFINER VIEW `vpemesanan` AS select `p`.`id` AS `id`,`p`.`kode_pesanan` AS `kode_pesanan`,`p`.`tgl_pemesanan` AS `tgl_pemesanan`,`p`.`tgl_pengambilan` AS `tgl_pengambilan`,(to_days(`p`.`tgl_pengambilan`) - to_days(from_unixtime(unix_timestamp()))) AS `limit_hari`,`p`.`jenis` AS `jenis`,`p`.`jumlah` AS `jumlah`,(select sum(`vpr`.`jml_selesai`) from `vproduksi` `vpr` where (`vpr`.`pemesanan_id` = `p`.`id`)) AS `selesai`,(select sum(((`vpb`.`N_biaya_bhnbaku` + `vpb`.`N_biaya_jasa`) + `vpb`.`N_biaya_tambahan`)) from `vpemesanan_biaya` `vpb` where (`vpb`.`pemesanan_id` = `p`.`id`)) AS `N_ttlBiaya`,(select sum(`pemesanan_transaksi`.`N_nominal`) from `pemesanan_transaksi` where (`pemesanan_transaksi`.`pemesanan_id` = `p`.`id`)) AS `N_jmlTransaksi`,((select sum(((`vpb`.`N_biaya_bhnbaku` + `vpb`.`N_biaya_jasa`) + `vpb`.`N_biaya_tambahan`)) from `vpemesanan_biaya` `vpb` where (`vpb`.`pemesanan_id` = `p`.`id`)) - (select sum(`pemesanan_transaksi`.`N_nominal`) from `pemesanan_transaksi` where (`pemesanan_transaksi`.`pemesanan_id` = `p`.`id`))) AS `N_sisa_bayar`,`p`.`keterangan` AS `keterangan`,if(isnull((select sum(`vpr`.`jml_selesai`) from `vproduksi` `vpr` where (`vpr`.`pemesanan_id` = `p`.`id`))),'proses',if(((select sum(`vpr`.`jml_selesai`) from `vproduksi` `vpr` where (`vpr`.`pemesanan_id` = `p`.`id`)) <> `p`.`jumlah`),'proses',if(((select sum(`pemesanan_transaksi`.`N_nominal`) from `pemesanan_transaksi` where (`pemesanan_transaksi`.`pemesanan_id` = `p`.`id`)) <> (select sum(((`vpb`.`N_biaya_bhnbaku` + `vpb`.`N_biaya_jasa`) + `vpb`.`N_biaya_tambahan`)) from `vpemesanan_biaya` `vpb` where (`vpb`.`pemesanan_id` = `p`.`id`))),'selesai & belum lunas','selesai & lunas'))) AS `status`,`p`.`image_url` AS `image_url`,`p`.`pelanggan_id` AS `pelanggan_id`,if(isnull(concat(round(((if(isnull((select sum(`vpr`.`jml_selesai`) from `vproduksi` `vpr` where (`vpr`.`pemesanan_id` = `p`.`id`))),0,(select sum(`vpr`.`jml_selesai`) from `vproduksi` `vpr` where (`vpr`.`pemesanan_id` = `p`.`id`))) / `p`.`jumlah`) * 100),0),'%')),'0%',concat(round(((if(isnull((select sum(`vpr`.`jml_selesai`) from `vproduksi` `vpr` where (`vpr`.`pemesanan_id` = `p`.`id`))),0,(select sum(`vpr`.`jml_selesai`) from `vproduksi` `vpr` where (`vpr`.`pemesanan_id` = `p`.`id`))) / `p`.`jumlah`) * 100),0),'%')) AS `prosentase` from `pemesanans` `p`;

-- --------------------------------------------------------

--
-- Structure for view `vpemesanan2`
--
DROP TABLE IF EXISTS `vpemesanan2`;

CREATE ALGORITHM=UNDEFINED DEFINER=`root`@`localhost` SQL SECURITY DEFINER VIEW `vpemesanan2` AS select `p`.`id` AS `id`,`p`.`kode_pesanan` AS `kode_pesanan`,`p`.`tgl_pemesanan` AS `tgl_pemesanan`,`p`.`tgl_pengambilan` AS `tgl_pengambilan`,`p`.`jenis` AS `jenis`,`p`.`jumlah` AS `jumlah`,(select sum(`vpr`.`jml_selesai`) from `vproduksi` `vpr` where (`vpr`.`pemesanan_id` = `p`.`id`)) AS `selesai`,(select sum((((select sum(`pbb`.`N_biaya`) AS `N_biaya_bhnbaku` from `pemesanan_bahanBaku` `pbb` where (`pbb`.`pemesanan_id` = `p`.`id`)) + (select sum(`vpr2`.`N_upah`) AS `N_biaya_jasa` from `vproduksi` `vpr2` where (`vpr2`.`pemesanan_id` = `p`.`id`))) + `pb`.`N_biaya_tambahan`)) from `pemesanan_biaya` `pb` where (`pb`.`pemesanan_id` = `p`.`id`)) AS `N_ttlBiaya`,(select sum(`pemesanan_transaksi`.`N_nominal`) from `pemesanan_transaksi` where (`pemesanan_transaksi`.`pemesanan_id` = `p`.`id`)) AS `N_jmlTransaksi`,`p`.`keterangan` AS `keterangan`,`p`.`status` AS `status`,`p`.`image_url` AS `image_url`,`p`.`pelanggan_id` AS `pelanggan_id` from `pemesanans` `p`;

-- --------------------------------------------------------

--
-- Structure for view `vpemesanan_biaya`
--
DROP TABLE IF EXISTS `vpemesanan_biaya`;

CREATE ALGORITHM=UNDEFINED DEFINER=`root`@`localhost` SQL SECURITY DEFINER VIEW `vpemesanan_biaya` AS select `pb`.`id` AS `id`,(select sum(`pbb`.`N_biaya`) from `pemesanan_bahanBaku` `pbb` where (`pbb`.`pemesanan_id` = `pb`.`pemesanan_id`)) AS `N_biaya_bhnbaku`,(select sum(`vpr`.`N_upah`) from `vproduksi` `vpr` where (`vpr`.`pemesanan_id` = `pb`.`pemesanan_id`)) AS `N_biaya_jasa`,`pb`.`N_biaya_tambahan` AS `N_biaya_tambahan`,`pb`.`pemesanan_id` AS `pemesanan_id` from `pemesanan_biaya` `pb` where 1;

-- --------------------------------------------------------

--
-- Structure for view `vproduksi`
--
DROP TABLE IF EXISTS `vproduksi`;

CREATE ALGORITHM=UNDEFINED DEFINER=`root`@`localhost` SQL SECURITY DEFINER VIEW `vproduksi` AS select `pr`.`id` AS `id`,`pr`.`tgl_produksi` AS `tgl_produksi`,`pr`.`keterangan` AS `keterangan`,(select sum(`prdtl`.`selesai`) AS `jml_selesai` from `produksi_detail` `prdtl` where (`prdtl`.`produksi_id` = `pr`.`id`)) AS `jml_selesai`,(select sum(`prdtl`.`N_upah`) AS `N_upah` from `produksi_detail` `prdtl` where (`prdtl`.`produksi_id` = `pr`.`id`)) AS `N_upah`,`pr`.`pemesanan_id` AS `pemesanan_id` from `produksi` `pr`;

--
-- Constraints for dumped tables
--

--
-- Constraints for table `daftar_gaji`
--
ALTER TABLE `daftar_gaji`
  ADD CONSTRAINT `nip_gaji` FOREIGN KEY (`nip`) REFERENCES `karyawan` (`id`) ON UPDATE CASCADE;

--
-- Constraints for table `data_absensi`
--
ALTER TABLE `data_absensi`
  ADD CONSTRAINT `nip_absensi` FOREIGN KEY (`nip`) REFERENCES `karyawan` (`id`) ON DELETE CASCADE ON UPDATE CASCADE;

--
-- Constraints for table `data_lembur`
--
ALTER TABLE `data_lembur`
  ADD CONSTRAINT `idAbsensi_lembur` FOREIGN KEY (`id_absensi`) REFERENCES `data_absensi` (`id`) ON DELETE CASCADE ON UPDATE CASCADE;

--
-- Constraints for table `informasi_penarikkan`
--
ALTER TABLE `informasi_penarikkan`
  ADD CONSTRAINT `informasi_penarikkan_ibfk_1` FOREIGN KEY (`ID_Transaksi`) REFERENCES `transaksi` (`ID_Transaksi`) ON DELETE CASCADE ON UPDATE CASCADE;

--
-- Constraints for table `informasi_tabungan`
--
ALTER TABLE `informasi_tabungan`
  ADD CONSTRAINT `informasi_tabungan_ibfk_1` FOREIGN KEY (`ID_Transaksi`) REFERENCES `transaksi` (`ID_Transaksi`) ON DELETE CASCADE ON UPDATE CASCADE;

--
-- Constraints for table `jenjang_karir`
--
ALTER TABLE `jenjang_karir`
  ADD CONSTRAINT `jabatan_jenjangKarir` FOREIGN KEY (`id_jabatan`) REFERENCES `jabatan` (`id`) ON UPDATE CASCADE,
  ADD CONSTRAINT `nip_jenjangKarir` FOREIGN KEY (`nip`) REFERENCES `karyawan` (`id`) ON UPDATE CASCADE;

--
-- Constraints for table `kartu_identitas`
--
ALTER TABLE `kartu_identitas`
  ADD CONSTRAINT `kartu_identitas_ibfk_2` FOREIGN KEY (`Alamat`) REFERENCES `alamat` (`ID_Alamat`);

--
-- Constraints for table `karyawan`
--
ALTER TABLE `karyawan`
  ADD CONSTRAINT `jabatan_karyawan` FOREIGN KEY (`id_jabatan`) REFERENCES `jabatan` (`id`) ON UPDATE CASCADE,
  ADD CONSTRAINT `karyawan_ibfk_1` FOREIGN KEY (`id_departemen`) REFERENCES `departemen` (`id`) ON UPDATE CASCADE,
  ADD CONSTRAINT `karyawan_ibfk_2` FOREIGN KEY (`userID`) REFERENCES `users` (`id`);

--
-- Constraints for table `pemesanans`
--
ALTER TABLE `pemesanans`
  ADD CONSTRAINT `pemesanans_ibfk_1` FOREIGN KEY (`pelanggan_id`) REFERENCES `pelanggan` (`id`) ON UPDATE CASCADE;

--
-- Constraints for table `pemesanan_bahanBaku`
--
ALTER TABLE `pemesanan_bahanBaku`
  ADD CONSTRAINT `pemesanan_bahanBaku_ibfk_1` FOREIGN KEY (`pemesanan_id`) REFERENCES `pemesanans` (`id`) ON DELETE CASCADE ON UPDATE CASCADE;

--
-- Constraints for table `pemesanan_biaya`
--
ALTER TABLE `pemesanan_biaya`
  ADD CONSTRAINT `pemesanan_biaya_ibfk_1` FOREIGN KEY (`pemesanan_id`) REFERENCES `pemesanans` (`id`) ON DELETE CASCADE ON UPDATE CASCADE;

--
-- Constraints for table `pemesanan_transaksi`
--
ALTER TABLE `pemesanan_transaksi`
  ADD CONSTRAINT `pemesanan_transaksi_ibfk_1` FOREIGN KEY (`pemesanan_id`) REFERENCES `pemesanans` (`id`) ON DELETE CASCADE ON UPDATE CASCADE;

--
-- Constraints for table `produksi`
--
ALTER TABLE `produksi`
  ADD CONSTRAINT `produksi_ibfk_1` FOREIGN KEY (`pemesanan_id`) REFERENCES `pemesanans` (`id`) ON UPDATE CASCADE;

--
-- Constraints for table `produksi_detail`
--
ALTER TABLE `produksi_detail`
  ADD CONSTRAINT `produksi_detail_ibfk_1` FOREIGN KEY (`produksi_id`) REFERENCES `produksi` (`id`) ON DELETE CASCADE ON UPDATE CASCADE,
  ADD CONSTRAINT `produksi_detail_ibfk_2` FOREIGN KEY (`karyawan_id`) REFERENCES `karyawan` (`id`) ON DELETE CASCADE ON UPDATE CASCADE;

--
-- Constraints for table `rekening`
--
ALTER TABLE `rekening`
  ADD CONSTRAINT `rekening_ibfk_1` FOREIGN KEY (`ID_Nasabah`) REFERENCES `nasabah` (`ID_Nasabah`) ON DELETE CASCADE ON UPDATE CASCADE,
  ADD CONSTRAINT `rekening_ibfk_2` FOREIGN KEY (`Jenis_Tabungan`) REFERENCES `jenis_tabungan` (`ID_Jenis_Tabungan`) ON DELETE CASCADE ON UPDATE CASCADE;

--
-- Constraints for table `transaksi`
--
ALTER TABLE `transaksi`
  ADD CONSTRAINT `transaksi_ibfk_1` FOREIGN KEY (`Tipe_Transaksi`) REFERENCES `tipe_transaksi` (`ID_Tipe_Transaksi`) ON DELETE CASCADE ON UPDATE CASCADE,
  ADD CONSTRAINT `transaksi_ibfk_2` FOREIGN KEY (`Rekening_Transaksi`) REFERENCES `rekening` (`No_Rekening`) ON DELETE CASCADE ON UPDATE CASCADE;

--
-- Constraints for table `transfer`
--
ALTER TABLE `transfer`
  ADD CONSTRAINT `transfer_ibfk_1` FOREIGN KEY (`ID_Transaksi`) REFERENCES `transaksi` (`ID_Transaksi`) ON DELETE CASCADE ON UPDATE CASCADE;

/*!40101 SET CHARACTER_SET_CLIENT=@OLD_CHARACTER_SET_CLIENT */;
/*!40101 SET CHARACTER_SET_RESULTS=@OLD_CHARACTER_SET_RESULTS */;
/*!40101 SET COLLATION_CONNECTION=@OLD_COLLATION_CONNECTION */;
